City,Date,EVI
Ganja,2020-01-01,0.12367978819755907
Ganja,2020-01-17,0.11145908096154807
Ganja,2020-02-02,0.1127055793562712
Ganja,2020-02-18,0.1141959871677492
Ganja,2020-03-05,0.12997275292488233
Ganja,2020-03-21,0.169351588159838
Ganja,2020-04-06,0.19767308109444084
Ganja,2020-04-22,0.2636193993533733
Ganja,2020-05-08,0.30594424889955446
Ganja,2020-05-24,0.2987439849267838
Ganja,2020-06-09,0.26785915903786905
Ganja,2020-06-25,0.2311295498486482
Ganja,2020-07-11,0.24656064306546405
Ganja,2020-07-27,0.25519811604536763
Ganja,2020-08-12,0.2325934746491783
Ganja,2020-08-28,0.25085232476468095
Ganja,2020-09-13,0.22160149524031736
Ganja,2020-09-29,0.20213552084085978
Ganja,2020-10-15,0.1954414859927542
Ganja,2020-10-31,0.17139007330529607
Ganja,2020-11-16,0.15582295596391685
Ganja,2020-12-02,0.15046431424943088
Ganja,2020-12-18,0.13268957134520504
Ganja,2021-01-01,0.12213198629044462
Ganja,2021-01-17,0.1238251812595544
Ganja,2021-02-02,0.1361699703139206
Ganja,2021-02-18,0.1309860406927094
Ganja,2021-03-06,0.15686674185902996
Ganja,2021-03-22,0.21961663275212745
Ganja,2021-04-07,0.2812292946604936
Ganja,2021-04-23,0.353292112461244
Ganja,2021-05-09,0.3486183706847302
Ganja,2021-05-25,0.3007342469333795
Ganja,2021-06-10,0.2877368839566066
Ganja,2021-06-26,0.25811325385328787
Ganja,2021-07-12,0.26833105353798964
Ganja,2021-07-28,0.24488265494384356
Ganja,2021-08-13,0.2164562821650191
Ganja,2021-08-29,0.21418371482254867
Ganja,2021-09-14,0.1981352060357615
Ganja,2021-09-30,0.20712228167466015
Ganja,2021-10-16,0.20862534316262746
Ganja,2021-11-01,0.18994485909448366
Ganja,2021-11-17,0.1816827924433993
Ganja,2021-12-03,0.17111269181273292
Ganja,2021-12-19,0.17137973678968874
Ganja,2022-01-01,0.15459788110699818
Ganja,2022-01-17,0.14839731906814177
Ganja,2022-02-02,0.14417768466743
Ganja,2022-02-18,0.1436437352660279
Ganja,2022-03-06,0.17584216862356322
Ganja,2022-03-22,0.17895483090700276
Ganja,2022-04-07,0.2355594827657682
Ganja,2022-04-23,0.2479629290791314
Ganja,2022-05-09,0.2747618200657997
Ganja,2022-05-25,0.27550487147416136
Ganja,2022-06-10,0.2722358141680654
Ganja,2022-06-26,0.26354292510730076
Ganja,2022-07-12,0.23256012266087406
Ganja,2022-07-28,0.2309613329440465
Ganja,2022-08-13,0.21643532440105684
Ganja,2022-08-29,0.20373327721049586
Ganja,2022-09-14,0.19422539817998574
Ganja,2022-09-30,0.1930289486058521
Ganja,2022-10-16,0.16490852060357616
Ganja,2022-11-01,0.14474482016572754
Ganja,2022-11-17,0.13081583587067738
Ganja,2022-12-03,0.06220283196832633
Ganja,2022-12-19,0.1178955926574955
Ganja,2023-01-01,0.1083884223272606
Ganja,2023-01-17,0.1123920681079518
Ganja,2023-02-02,0.10915279702167953
Ganja,2023-02-18,0.11551528529076263
Ganja,2023-03-06,0.13837991128130245
Ganja,2023-03-22,0.18225144446721206
Ganja,2023-04-07,0.2538561190672751
Ganja,2023-04-23,0.27674123113725796
Ganja,2023-05-09,0.25408028325549586
Ganja,2023-05-25,0.2563390295940877
Ganja,2023-06-10,0.2804486140837328
Ganja,2023-06-26,0.29284310804445773
Ganja,2023-07-12,0.2755936294163422
Ganja,2023-07-28,0.24669560611282942
Ganja,2023-08-13,0.2128367386847238
Ganja,2023-08-29,0.21262281491071072
Ganja,2023-09-14,0.20919387957061591
Ganja,2023-09-30,0.19294345921194286
Ganja,2023-10-16,0.18910780144952122
Ganja,2023-11-01,0.16925758518527864
Ganja,2023-11-17,0.17159969992087876
Ganja,2023-12-03,0.15266760405260268
Ganja,2023-12-19,0.15091294855994733
Ganja,2024-01-01,0.137593197456444
Ganja,2024-01-17,0.1353028912300538
Ganja,2024-02-02,0.1432852603819353
Ganja,2024-02-18,0.14185084213867682
Ganja,2024-03-05,0.16968832996359404
Ganja,2024-03-21,0.22260399970467906
Ganja,2024-04-06,0.30036651898641725
Ganja,2024-04-22,0.3211569216060885
Ganja,2024-05-08,0.32993113787030115
Ganja,2024-05-24,0.32336165509268877
Ganja,2024-06-09,0.332244829967345
Ganja,2024-06-25,0.3109758095566357
Ganja,2024-07-11,0.28774649181925255
Ganja,2024-07-27,0.3079453545569655
Ganja,2024-08-12,0.30437218512284847
Ganja,2024-08-28,0.27263650552720153
Ganja,2024-09-13,0.22105169104841693
Ganja,2024-09-29,0.21798969961351625
Ganja,2024-10-15,0.17811316061791566
Ganja,2024-10-31,0.1810313551365523
Ganja,2024-11-16,0.17305442354644887
Ganja,2024-12-02,0.14126567146029467
Ganja,2024-12-18,0.14103523737460671
Ganja,2025-01-01,0.13951774491218652
Ganja,2025-01-17,0.13441427354834434
Ganja,2025-02-02,0.13907397203215216
Ganja,2025-02-18,0.14220383642926882
Ganja,2025-03-06,0.13773294282261364
Ganja,2025-03-22,0.27080471230481873
Ganja,2025-04-07,0.2894996542217285
Ganja,2025-04-23,0.3455382523233831
Ganja,2025-05-09,0.38671487043974856
Ganja,2025-05-25,0.32178280086716976
Ganja,2025-06-10,0.31565865849243385
Ganja,2025-06-26,0.2748162026415439
Ganja,2025-07-12,0.24329411083303004
Ganja,2025-07-28,0.23329393215986666
Ganja,2025-08-13,0.22740980112419398
Ganja,2025-08-29,0.19478913637158662
Ganja,2025-09-14,0.20242647793758542
Ganja,2025-09-30,0.19756894636330738
Ganja,2025-10-16,0.21915950880376442
Ganja,2025-11-01,0.20686611062241775
Ganja,2025-11-17,0.18044465704792098
Ganja,2025-12-03,0.15597658070097017
Ganja,2025-12-19,0.152208463616851
Ganja,2026-01-01,0.14700040928340746
Ganja,2026-01-17,0.13521324916141297
Ganja,2026-02-02,0.1420502252809795
Ganja,2026-02-18,0.15628068448542087
Ganja,2026-03-06,0.1870868088826879
Ganja,2026-03-22,0.25591150626747794
Baku,2020-01-01,0.118742754875727
Baku,2020-01-17,0.14800869093754437
Baku,2020-02-02,0.1513247141143271
Baku,2020-02-18,0.13722004787763456
Baku,2020-03-05,0.13178285173675114
Baku,2020-03-21,0.15386196577861747
Baku,2020-04-06,0.14621238550381901
Baku,2020-04-22,0.13356181300070222
Baku,2020-05-08,0.11876165238284185
Baku,2020-05-24,0.11200182808549944
Baku,2020-06-09,0.11006836800321523
Baku,2020-06-25,0.11417096403462974
Baku,2020-07-11,0.10608824469962799
Baku,2020-07-27,0.12562110728301717
Baku,2020-08-12,0.10963097016461407
Baku,2020-08-28,0.1151327715548784
Baku,2020-09-13,0.10663784168558442
Baku,2020-09-29,0.09797806298869675
Baku,2020-10-15,0.1118081179861296
Baku,2020-10-31,0.08752828008420792
Baku,2020-11-16,0.08782915617553065
Baku,2020-12-02,0.10221045322801603
Baku,2020-12-18,0.12144311917636394
Baku,2021-01-01,0.11387077022313331
Baku,2021-01-17,0.11952665795701124
Baku,2021-02-02,0.10347900958272652
Baku,2021-02-18,0.13322765411099874
Baku,2021-03-06,0.1474615487607265
Baku,2021-03-22,0.14525962548804608
Baku,2021-04-07,0.16329462729235897
Baku,2021-04-23,0.16352402756888243
Baku,2021-05-09,0.13347999162966004
Baku,2021-05-25,0.1164965470923922
Baku,2021-06-10,0.11643147808286315
Baku,2021-06-26,0.10817084369599698
Baku,2021-07-12,0.11019235035414607
Baku,2021-07-28,0.11776913569757635
Baku,2021-08-13,0.10867817118110115
Baku,2021-08-29,0.1138005133020274
Baku,2021-09-14,0.11346507140876652
Baku,2021-09-30,0.10838282669698839
Baku,2021-10-16,0.1382290990736786
Baku,2021-11-01,0.13825167429652443
Baku,2021-11-17,0.12986327504651998
Baku,2021-12-03,0.12902591438283872
Baku,2021-12-19,0.12144762757322917
Baku,2022-01-01,0.12012639033223382
Baku,2022-01-17,0.12339897874870778
Baku,2022-02-02,0.12311441118919429
Baku,2022-02-18,0.09812035838017844
Baku,2022-03-06,0.0677231746276156
Baku,2022-03-22,0.11786602200574264
Baku,2022-04-07,0.1022027888194025
Baku,2022-04-23,0.11535150048616549
Baku,2022-05-09,0.12529198282564638
Baku,2022-05-25,0.1112039470172228
Baku,2022-06-10,0.10787755158740027
Baku,2022-06-26,0.11294437942974157
Baku,2022-07-12,0.10657923433009922
Baku,2022-07-28,0.10302932890345319
Baku,2022-08-13,0.11367951632793784
Baku,2022-08-29,0.09501579045049674
Baku,2022-09-14,0.11241430963643227
Baku,2022-09-30,0.09062487600149291
Baku,2022-10-16,0.11140433748563772
Baku,2022-11-01,0.11641720560611926
Baku,2022-11-17,0.12239152996927187
Baku,2022-12-03,0.11168730246824592
Baku,2022-12-19,0.14054203911001556
Baku,2023-01-01,0.1134943602698498
Baku,2023-01-17,0.13779965905047514
Baku,2023-02-02,0.14417482259547862
Baku,2023-02-18,0.1331274469826294
Baku,2023-03-06,0.1324181765623974
Baku,2023-03-22,0.12215240322990767
Baku,2023-04-07,0.13440765074812033
Baku,2023-04-23,0.143689426348238
Baku,2023-05-09,0.11201333406453454
Baku,2023-05-25,0.11146095209722925
Baku,2023-06-10,0.11750985474898465
Baku,2023-06-26,0.12348730234789036
Baku,2023-07-12,0.11926001890073179
Baku,2023-07-28,0.11151786633376262
Baku,2023-08-13,0.10934014872762926
Baku,2023-08-29,0.11040647426483106
Baku,2023-09-14,0.12048835996240385
Baku,2023-09-30,0.10796231263313212
Baku,2023-10-16,0.10650907791871855
Baku,2023-11-01,0.0960031989564495
Baku,2023-11-17,0.0961177340875178
Baku,2023-12-03,0.08417509642975533
Baku,2023-12-19,0.09253707015156581
Baku,2024-01-01,0.0835507132157746
Baku,2024-01-17,0.08960855378991808
Baku,2024-02-02,0.08948597115331952
Baku,2024-02-18,0.08812612404581531
Baku,2024-03-05,0.08069761012008245
Baku,2024-03-21,0.1293133990795778
Baku,2024-04-06,0.12427994323036211
Baku,2024-04-22,0.12299525922226599
Baku,2024-05-08,0.11773434937613834
Baku,2024-05-24,0.10674845973865804
Baku,2024-06-09,0.11343985184330892
Baku,2024-06-25,0.11349302120828246
Baku,2024-07-11,0.11065355083668157
Baku,2024-07-27,0.11665845567442189
Baku,2024-08-12,0.11700090644541532
Baku,2024-08-28,0.09976552713105984
Baku,2024-09-13,0.10393452107610059
Baku,2024-09-29,0.11394276520189395
Baku,2024-10-15,0.07932664697324807
Baku,2024-10-31,0.13269932029711046
Baku,2024-11-16,0.1127879081432965
Baku,2024-12-02,0.13732585344506587
Baku,2024-12-18,0.15790658126964183
Baku,2025-01-01,0.15971776089525075
Baku,2025-01-17,0.13850799673061703
Baku,2025-02-02,0.14448381429098714
Baku,2025-02-18,0.11472528591937076
Baku,2025-03-06,0.1611868383097396
Baku,2025-03-22,0.18161072807697362
Baku,2025-04-07,0.1632255978889469
Baku,2025-04-23,0.1385845062476414
Baku,2025-05-09,0.1466059996937288
Baku,2025-05-25,0.12187349781603876
Baku,2025-06-10,0.1190415067619627
Baku,2025-06-26,0.1038844985964955
Baku,2025-07-12,0.10560667205510445
Baku,2025-07-28,0.11332814053640564
Baku,2025-08-13,0.11889193664543568
Baku,2025-08-29,0.1151501855949332
Baku,2025-09-14,0.1026713417221761
Baku,2025-09-30,0.1249391265623319
Baku,2025-10-16,0.08288334036788193
Baku,2025-11-01,0.10026095980261873
Baku,2025-11-17,0.09687594440001636
Baku,2025-12-03,0.07582333391168473
Baku,2025-12-19,0.10202835841504856
Baku,2026-01-01,0.09008272903252033
Baku,2026-01-17,0.09533523404851903
Baku,2026-02-02,0.08986888889854591
Baku,2026-02-18,0.11166162969004627
Baku,2026-03-06,0.11472907663485879
Baku,2026-03-22,0.14399209527438944
Zaqatala,2020-01-01,0.16476782309504084
Zaqatala,2020-01-17,0.14196600370082768
Zaqatala,2020-02-02,0.13692253634219256
Zaqatala,2020-02-18,0.15129437720441083
Zaqatala,2020-03-05,0.18788896134622507
Zaqatala,2020-03-21,0.24114567376345822
Zaqatala,2020-04-06,0.298543964314247
Zaqatala,2020-04-22,0.3959146307403397
Zaqatala,2020-05-08,0.4981474595329388
Zaqatala,2020-05-24,0.5465818870303855
Zaqatala,2020-06-09,0.5106952634630457
Zaqatala,2020-06-25,0.5365205222692471
Zaqatala,2020-07-11,0.4920376131021748
Zaqatala,2020-07-27,0.5254256770930089
Zaqatala,2020-08-12,0.44647616696965436
Zaqatala,2020-08-28,0.5111332663068985
Zaqatala,2020-09-13,0.47139682337731614
Zaqatala,2020-09-29,0.36854707014659366
Zaqatala,2020-10-15,0.34012725949377964
Zaqatala,2020-10-31,0.2750740632363923
Zaqatala,2020-11-16,0.22067502290011184
Zaqatala,2020-12-02,0.18260335622890284
Zaqatala,2020-12-18,0.1705779341534478
Zaqatala,2021-01-01,0.14843601966605902
Zaqatala,2021-01-17,0.15355678733157133
Zaqatala,2021-02-02,0.16098751639975137
Zaqatala,2021-02-18,0.14875812495944432
Zaqatala,2021-03-06,0.15155197885984084
Zaqatala,2021-03-22,0.22907451099837783
Zaqatala,2021-04-07,0.34574910689874194
Zaqatala,2021-04-23,0.5104774472561641
Zaqatala,2021-05-09,0.5823578669958894
Zaqatala,2021-05-25,0.542799768835788
Zaqatala,2021-06-10,0.6120439086255838
Zaqatala,2021-06-26,0.5289758978242348
Zaqatala,2021-07-12,0.5959177059942604
Zaqatala,2021-07-28,0.536006406505921
Zaqatala,2021-08-13,0.5016256365849844
Zaqatala,2021-08-29,0.4630972991491942
Zaqatala,2021-09-14,0.4319929330672022
Zaqatala,2021-09-30,0.3718689952332008
Zaqatala,2021-10-16,0.3297554580713326
Zaqatala,2021-11-01,0.24246289878572544
Zaqatala,2021-11-17,0.21427205609323732
Zaqatala,2021-12-03,0.18865510205653185
Zaqatala,2021-12-19,0.1864676718481367
Zaqatala,2022-01-01,0.17574250689417517
Zaqatala,2022-01-17,0.15795344128889588
Zaqatala,2022-02-02,0.16049451115123636
Zaqatala,2022-02-18,0.17668369714739662
Zaqatala,2022-03-06,0.17007194844532728
Zaqatala,2022-03-22,0.1904379284160771
Zaqatala,2022-04-07,0.40491894564093445
Zaqatala,2022-04-23,0.43903067584638006
Zaqatala,2022-05-09,0.5319074389077998
Zaqatala,2022-05-25,0.5642136834803265
Zaqatala,2022-06-10,0.5882575398916201
Zaqatala,2022-06-26,0.596579171670126
Zaqatala,2022-07-12,0.5412081147719457
Zaqatala,2022-07-28,0.5263019120300746
Zaqatala,2022-08-13,0.4523054893702959
Zaqatala,2022-08-29,0.42063913975327727
Zaqatala,2022-09-14,0.41762302685749203
Zaqatala,2022-09-30,0.4084133896392246
Zaqatala,2022-10-16,0.33952598003944434
Zaqatala,2022-11-01,0.29691396084256466
Zaqatala,2022-11-17,0.2204604858913714
Zaqatala,2022-12-03,0.14142106465465462
Zaqatala,2022-12-19,0.18561118426942416
Zaqatala,2023-01-01,0.17020540464215475
Zaqatala,2023-01-17,0.1762727791073927
Zaqatala,2023-02-02,0.1314192645583376
Zaqatala,2023-02-18,0.13679002391696884
Zaqatala,2023-03-06,0.18868384777692176
Zaqatala,2023-03-22,0.23178731325001314
Zaqatala,2023-04-07,0.38930642983949043
Zaqatala,2023-04-23,0.518206423561931
Zaqatala,2023-05-09,0.49972790550812435
Zaqatala,2023-05-25,0.5236151949705307
Zaqatala,2023-06-10,0.602927021122409
Zaqatala,2023-06-26,0.5673617511863707
Zaqatala,2023-07-12,0.5755654448785885
Zaqatala,2023-07-28,0.5086245567460773
Zaqatala,2023-08-13,0.48423391477088007
Zaqatala,2023-08-29,0.45392853740961486
Zaqatala,2023-09-14,0.437263961992735
Zaqatala,2023-09-30,0.3652396748263753
Zaqatala,2023-10-16,0.3331410272061134
Zaqatala,2023-11-01,0.27930565231493054
Zaqatala,2023-11-17,0.23266876467617081
Zaqatala,2023-12-03,0.22589895646053476
Zaqatala,2023-12-19,0.18166985970305916
Zaqatala,2024-01-01,0.1794061782591348
Zaqatala,2024-01-17,0.17202523435257683
Zaqatala,2024-02-02,0.17388711092409023
Zaqatala,2024-02-18,0.13699244663876944
Zaqatala,2024-03-05,0.17438546309294992
Zaqatala,2024-03-21,0.25266512051098433
Zaqatala,2024-04-06,0.37948138125256325
Zaqatala,2024-04-22,0.5162046071363214
Zaqatala,2024-05-08,0.5916069048379662
Zaqatala,2024-05-24,0.567349030719178
Zaqatala,2024-06-09,0.6024617007684884
Zaqatala,2024-06-25,0.5853336803889249
Zaqatala,2024-07-11,0.5878435621358953
Zaqatala,2024-07-27,0.5252243948126839
Zaqatala,2024-08-12,0.5226227183884922
Zaqatala,2024-08-28,0.43223846467875976
Zaqatala,2024-09-13,0.3757362722707768
Zaqatala,2024-09-29,0.4007274488058128
Zaqatala,2024-10-15,0.2983964681028659
Zaqatala,2024-10-31,0.2826998742711473
Zaqatala,2024-11-16,0.23101526066193484
Zaqatala,2024-12-02,0.16098911281496575
Zaqatala,2024-12-18,0.15996680679403832
Zaqatala,2025-01-01,0.1620206213818146
Zaqatala,2025-01-17,0.1435291017057148
Zaqatala,2025-02-02,0.1753176858415774
Zaqatala,2025-02-18,0.0906146485264289
Zaqatala,2025-03-06,0.16152871694831972
Zaqatala,2025-03-22,0.36399566221413665
Zaqatala,2025-04-07,0.4234497261069286
Zaqatala,2025-04-23,0.5362195653362657
Zaqatala,2025-05-09,0.608149253000052
Zaqatala,2025-05-25,0.5394618015055486
Zaqatala,2025-06-10,0.6353984003870777
Zaqatala,2025-06-26,0.5443296076545171
Zaqatala,2025-07-12,0.5271153491260668
Zaqatala,2025-07-28,0.5191163555293759
Zaqatala,2025-08-13,0.550191500204416
Zaqatala,2025-08-29,0.4145154862848168
Zaqatala,2025-09-14,0.51279736725479
Zaqatala,2025-09-30,0.3514571996202673
Zaqatala,2025-10-16,0.31113386472807214
Zaqatala,2025-11-01,0.2885891500592515
Zaqatala,2025-11-17,0.22777517823446053
Zaqatala,2025-12-03,0.2008601844796995
Zaqatala,2025-12-19,0.16916168678112287
Zaqatala,2026-01-01,0.13904075548667275
Zaqatala,2026-01-17,0.12931430349570427
Zaqatala,2026-02-02,0.14673563761385358
Zaqatala,2026-02-18,0.1625367180890688
Zaqatala,2026-03-06,0.21905943598315172
Zaqatala,2026-03-22,0.26863833138945453
Lankaran,2020-01-01,0.19871475177800443
Lankaran,2020-01-17,0.20146841849172104
Lankaran,2020-02-02,0.2623725792306918
Lankaran,2020-02-18,0.21661466761406487
Lankaran,2020-03-05,0.25539413223278684
Lankaran,2020-03-21,0.24985935580446478
Lankaran,2020-04-06,0.2861159007802329
Lankaran,2020-04-22,0.29991174355381595
Lankaran,2020-05-08,0.4406659370849076
Lankaran,2020-05-24,0.45998364884641807
Lankaran,2020-06-09,0.36285572168088476
Lankaran,2020-06-25,0.35535865127463445
Lankaran,2020-07-11,0.3344487695170007
Lankaran,2020-07-27,0.2691416788483333
Lankaran,2020-08-12,0.32532769024958275
Lankaran,2020-08-28,0.33389208105241963
Lankaran,2020-09-13,0.30864757367484835
Lankaran,2020-09-29,0.3723323361283622
Lankaran,2020-10-15,0.35570836251439447
Lankaran,2020-10-31,0.2439541601824311
Lankaran,2020-11-16,0.17074864279116247
Lankaran,2020-12-02,0.06910695106550348
Lankaran,2020-12-18,0.22296157506477035
Lankaran,2021-01-01,0.18866539016419448
Lankaran,2021-01-17,0.22177740946441346
Lankaran,2021-02-02,0.17452971504060352
Lankaran,2021-02-18,0.24560518583800522
Lankaran,2021-03-06,0.24017368542473808
Lankaran,2021-03-22,0.3465735185729205
Lankaran,2021-04-07,0.44110912395045043
Lankaran,2021-04-23,0.4579942520558727
Lankaran,2021-05-09,0.4524666076148664
Lankaran,2021-05-25,0.3565905731757285
Lankaran,2021-06-10,0.42384084431234414
Lankaran,2021-06-26,0.2895643909975834
Lankaran,2021-07-12,0.40527049114845093
Lankaran,2021-07-28,0.3052839550615761
Lankaran,2021-08-13,0.33225149120728875
Lankaran,2021-08-29,0.33378938614958037
Lankaran,2021-09-14,0.39690650177782344
Lankaran,2021-09-30,0.2058501603731747
Lankaran,2021-10-16,0.38957587724648424
Lankaran,2021-11-01,0.3363306648572974
Lankaran,2021-11-17,0.28927755695265833
Lankaran,2021-12-03,0.2489820917951207
Lankaran,2021-12-19,0.28375064286522794
Lankaran,2022-01-01,0.2512392328018793
Lankaran,2022-01-17,0.26423802446030026
Lankaran,2022-02-02,0.2531001839942189
Lankaran,2022-02-18,0.25658051137056426
Lankaran,2022-03-06,0.15651747863560017
Lankaran,2022-03-22,0.27728662748564326
Lankaran,2022-04-07,0.3957434513886829
Lankaran,2022-04-23,0.30477675728816533
Lankaran,2022-05-09,0.4872035642955052
Lankaran,2022-05-25,0.3989085970870472
Lankaran,2022-06-10,0.42976243128370945
Lankaran,2022-06-26,0.3444050643174382
Lankaran,2022-07-12,0.37627864692369517
Lankaran,2022-07-28,0.3521417968306603
Lankaran,2022-08-13,0.3901730968654179
Lankaran,2022-08-29,0.36721955133698525
Lankaran,2022-09-14,0.38595015691884005
Lankaran,2022-09-30,0.22611838805133386
Lankaran,2022-10-16,0.4092478602435291
Lankaran,2022-11-01,0.3528939402579031
Lankaran,2022-11-17,0.22220309023069992
Lankaran,2022-12-03,0.16549740581509098
Lankaran,2022-12-19,0.16662102192226041
Lankaran,2023-01-01,0.13474427515294998
Lankaran,2023-01-17,0.23920842438602555
Lankaran,2023-02-02,0.25290285914026056
Lankaran,2023-02-18,0.2440737886609968
Lankaran,2023-03-06,0.25045400755591146
Lankaran,2023-03-22,0.3651162823768528
Lankaran,2023-04-07,0.4267176384940237
Lankaran,2023-04-23,0.40338279284526374
Lankaran,2023-05-09,0.41445818584367655
Lankaran,2023-05-25,0.3446657210830943
Lankaran,2023-06-10,0.4412921772468979
Lankaran,2023-06-26,0.39702034043744655
Lankaran,2023-07-12,0.34566661605493054
Lankaran,2023-07-28,0.3924809392030169
Lankaran,2023-08-13,0.3449376233429558
Lankaran,2023-08-29,0.3833399966480507
Lankaran,2023-09-14,0.3685971403563935
Lankaran,2023-09-30,0.42500859278687186
Lankaran,2023-10-16,0.37113199142543896
Lankaran,2023-11-01,0.35239999403015404
Lankaran,2023-11-17,0.32709218205041746
Lankaran,2023-12-03,0.31481896364703205
Lankaran,2023-12-19,0.27949626264240013
Lankaran,2024-01-01,0.23529545681527259
Lankaran,2024-01-17,0.15152409924847748
Lankaran,2024-02-02,0.2583674663625938
Lankaran,2024-02-18,0.14462903522332526
Lankaran,2024-03-05,0.15653166721550515
Lankaran,2024-03-21,0.27806749050914026
Lankaran,2024-04-06,0.38394931563769147
Lankaran,2024-04-22,0.36610327038080803
Lankaran,2024-05-08,0.42580662436643335
Lankaran,2024-05-24,0.44994014590302045
Lankaran,2024-06-09,0.4455055420292135
Lankaran,2024-06-25,0.41436582081091505
Lankaran,2024-07-11,0.3346444213346826
Lankaran,2024-07-27,0.4577793720085941
Lankaran,2024-08-12,0.404658289678598
Lankaran,2024-08-28,0.35854321602324757
Lankaran,2024-09-13,0.2634248936643746
Lankaran,2024-09-29,0.3512994694403525
Lankaran,2024-10-15,0.193375898193049
Lankaran,2024-10-31,0.27210975036314783
Lankaran,2024-11-16,0.26883310369852753
Lankaran,2024-12-02,0.15630873866468534
Lankaran,2024-12-18,0.23008277227238916
Lankaran,2025-01-01,0.21352890746986639
Lankaran,2025-01-17,0.23896596134506345
Lankaran,2025-02-02,0.22968611061175812
Lankaran,2025-02-18,0.19145293627961443
Lankaran,2025-03-06,0.24182436984635144
Lankaran,2025-03-22,0.3663893209738958
Lankaran,2025-04-07,0.337013261434586
Lankaran,2025-04-23,0.334505716321429
Lankaran,2025-05-09,0.4650313207465908
Lankaran,2025-05-25,0.3608259748691048
Lankaran,2025-06-10,0.44709276320543595
Lankaran,2025-06-26,0.2732805294278533
Lankaran,2025-07-12,0.2759607909007981
Lankaran,2025-07-28,0.2341463143538873
Lankaran,2025-08-13,0.3691304633224017
Lankaran,2025-08-29,0.3193570829395284
Lankaran,2025-09-14,0.4030639350477306
Lankaran,2025-09-30,0.41834318831703715
Lankaran,2025-10-16,0.33488667242507353
Lankaran,2025-11-01,0.34373109711157185
Lankaran,2025-11-17,0.3463475801283767
Lankaran,2025-12-03,0.22945808513858615
Lankaran,2025-12-19,0.30591455337894735
Lankaran,2026-01-01,0.26793017027007404
Lankaran,2026-01-17,0.13331513034085787
Lankaran,2026-02-02,0.14847395762061097
Lankaran,2026-02-18,0.27410998377331874
Lankaran,2026-03-06,0.2773130099519059
Lankaran,2026-03-22,0.35126850461604386
Shaki,2020-01-01,0.14355726597822446
Shaki,2020-01-17,0.12225555611457406
Shaki,2020-02-02,0.12116849466234687
Shaki,2020-02-18,0.13924063095878159
Shaki,2020-03-05,0.16824631448619903
Shaki,2020-03-21,0.22047155953285688
Shaki,2020-04-06,0.27305231615655495
Shaki,2020-04-22,0.37097200062541885
Shaki,2020-05-08,0.451131948504596
Shaki,2020-05-24,0.45779581610376247
Shaki,2020-06-09,0.41616521012756313
Shaki,2020-06-25,0.41383000206685766
Shaki,2020-07-11,0.3782528728235075
Shaki,2020-07-27,0.40738732120053045
Shaki,2020-08-12,0.36086053593729783
Shaki,2020-08-28,0.3989251885193267
Shaki,2020-09-13,0.3756776595591382
Shaki,2020-09-29,0.3162064429104123
Shaki,2020-10-15,0.2668580776699606
Shaki,2020-10-31,0.20961016618778822
Shaki,2020-11-16,0.1753639786294118
Shaki,2020-12-02,0.10450025982589457
Shaki,2020-12-18,0.11839446950872422
Shaki,2021-01-01,0.14197498279005927
Shaki,2021-01-17,0.14422582878453943
Shaki,2021-02-02,0.14922971819035907
Shaki,2021-02-18,0.13865676230515261
Shaki,2021-03-06,0.16458703171711056
Shaki,2021-03-22,0.2483493804408261
Shaki,2021-04-07,0.3377361409498191
Shaki,2021-04-23,0.4765898010545911
Shaki,2021-05-09,0.46665363957438216
Shaki,2021-05-25,0.4312815601754648
Shaki,2021-06-10,0.4409873907867118
Shaki,2021-06-26,0.3953011480239207
Shaki,2021-07-12,0.4047380193029114
Shaki,2021-07-28,0.39067396243056973
Shaki,2021-08-13,0.34237065522150073
Shaki,2021-08-29,0.3168224831665607
Shaki,2021-09-14,0.3223376620938515
Shaki,2021-09-30,0.2783246072157276
Shaki,2021-10-16,0.25739811880513763
Shaki,2021-11-01,0.21004987985855955
Shaki,2021-11-17,0.18904568285880038
Shaki,2021-12-03,0.1743267724193221
Shaki,2021-12-19,0.17785895460346704
Shaki,2022-01-01,0.1702470644046291
Shaki,2022-01-17,0.15846594521262156
Shaki,2022-02-02,0.15912282286884702
Shaki,2022-02-18,0.17763394957119616
Shaki,2022-03-06,0.1745307613993092
Shaki,2022-03-22,0.18167762581255256
Shaki,2022-04-07,0.29824053636308245
Shaki,2022-04-23,0.35265476057320133
Shaki,2022-05-09,0.41288744793590587
Shaki,2022-05-25,0.4293764455368112
Shaki,2022-06-10,0.431067346452912
Shaki,2022-06-26,0.4203769843264284
Shaki,2022-07-12,0.37703887133386993
Shaki,2022-07-28,0.3594082853353197
Shaki,2022-08-13,0.34513928247468634
Shaki,2022-08-29,0.299138423870054
Shaki,2022-09-14,0.30596119517275283
Shaki,2022-09-30,0.27337800065973666
Shaki,2022-10-16,0.2462786526511011
Shaki,2022-11-01,0.21097963589787452
Shaki,2022-11-17,0.18435798438302853
Shaki,2022-12-03,0.10423878172548494
Shaki,2022-12-19,0.15719670378588135
Shaki,2023-01-01,0.1501078050175116
Shaki,2023-01-17,0.15629513372558437
Shaki,2023-02-02,0.1297182125717084
Shaki,2023-02-18,0.1295778125734715
Shaki,2023-03-06,0.20542127457790235
Shaki,2023-03-22,0.2325952294710555
Shaki,2023-04-07,0.35645092468760836
Shaki,2023-04-23,0.3939302029179317
Shaki,2023-05-09,0.40353442697803943
Shaki,2023-05-25,0.40951119490625304
Shaki,2023-06-10,0.4542331683861201
Shaki,2023-06-26,0.41974499002203347
Shaki,2023-07-12,0.4375023220859037
Shaki,2023-07-28,0.37919413318419903
Shaki,2023-08-13,0.3586475950417818
Shaki,2023-08-29,0.35234099374198224
Shaki,2023-09-14,0.3491851847172564
Shaki,2023-09-30,0.32248178278305867
Shaki,2023-10-16,0.275892813376182
Shaki,2023-11-01,0.21733119879095325
Shaki,2023-11-17,0.19078698328552984
Shaki,2023-12-03,0.18308369153968354
Shaki,2023-12-19,0.16026382908906628
Shaki,2024-01-01,0.15477518081184802
Shaki,2024-01-17,0.1430320951105637
Shaki,2024-02-02,0.138365606705426
Shaki,2024-02-18,0.13866228741571712
Shaki,2024-03-05,0.1840485573372846
Shaki,2024-03-21,0.24599911008082237
Shaki,2024-04-06,0.33371962297183905
Shaki,2024-04-22,0.45587323139073144
Shaki,2024-05-08,0.4970562837238224
Shaki,2024-05-24,0.4484846829466094
Shaki,2024-06-09,0.4855927592470167
Shaki,2024-06-25,0.4534768142992596
Shaki,2024-07-11,0.4321780022982198
Shaki,2024-07-27,0.45087663305933895
Shaki,2024-08-12,0.4138801241141091
Shaki,2024-08-28,0.36430458023148476
Shaki,2024-09-13,0.34953514297541854
Shaki,2024-09-29,0.3371715491423531
Shaki,2024-10-15,0.2444509719472974
Shaki,2024-10-31,0.20954843746095161
Shaki,2024-11-16,0.19976672816262864
Shaki,2024-12-02,0.14941402268885157
Shaki,2024-12-18,0.14458270761037742
Shaki,2025-01-01,0.15034550451126436
Shaki,2025-01-17,0.13934359052997175
Shaki,2025-02-02,0.1597240991376716
Shaki,2025-02-18,0.0889071114339656
Shaki,2025-03-06,0.1490786889997348
Shaki,2025-03-22,0.27377002878532564
Shaki,2025-04-07,0.359060383378689
Shaki,2025-04-23,0.4739936750724994
Shaki,2025-05-09,0.540267423185248
Shaki,2025-05-25,0.48851042663533983
Shaki,2025-06-10,0.4754605953102665
Shaki,2025-06-26,0.39513678801246344
Shaki,2025-07-12,0.39235466745603426
Shaki,2025-07-28,0.3721801955954027
Shaki,2025-08-13,0.388176616398137
Shaki,2025-08-29,0.33681135152944547
Shaki,2025-09-14,0.3190165679858958
Shaki,2025-09-30,0.28945484804451027
Shaki,2025-10-16,0.2585700341681045
Shaki,2025-11-01,0.238078021025909
Shaki,2025-11-17,0.1909131111745076
Shaki,2025-12-03,0.1809019785666961
Shaki,2025-12-19,0.1720727146185722
Shaki,2026-01-01,0.1553868401638366
Shaki,2026-01-17,0.10718876436052673
Shaki,2026-02-02,0.13679421107689804
Shaki,2026-02-18,0.15448666828065732
Shaki,2026-03-06,0.21052630939717962
Shaki,2026-03-22,0.2608734713644024
Jalilabad,2020-01-01,0.1554797047070858
Jalilabad,2020-01-17,0.16523087536880546
Jalilabad,2020-02-02,0.1891011862801089
Jalilabad,2020-02-18,0.2550929295391899
Jalilabad,2020-03-05,0.32523047496015856
Jalilabad,2020-03-21,0.4016701435960952
Jalilabad,2020-04-06,0.44135601341343567
Jalilabad,2020-04-22,0.5107283145339004
Jalilabad,2020-05-08,0.48539716159787033
Jalilabad,2020-05-24,0.3074719824852285
Jalilabad,2020-06-09,0.21538314865544872
Jalilabad,2020-06-25,0.19070106467716888
Jalilabad,2020-07-11,0.18162119912343233
Jalilabad,2020-07-27,0.17068346190146325
Jalilabad,2020-08-12,0.16064827498530798
Jalilabad,2020-08-28,0.15470217793629165
Jalilabad,2020-09-13,0.1391445870405615
Jalilabad,2020-09-29,0.14100907203335725
Jalilabad,2020-10-15,0.15407763843052127
Jalilabad,2020-10-31,0.15967036233225854
Jalilabad,2020-11-16,0.14195675336509486
Jalilabad,2020-12-02,0.15961649290181074
Jalilabad,2020-12-18,0.15412799750792508
Jalilabad,2021-01-01,0.16845188185914575
Jalilabad,2021-01-17,0.18120402980289718
Jalilabad,2021-02-02,0.2034938795424177
Jalilabad,2021-02-18,0.23853440257719305
Jalilabad,2021-03-06,0.27943759824718073
Jalilabad,2021-03-22,0.40607033292950345
Jalilabad,2021-04-07,0.47654296974120164
Jalilabad,2021-04-23,0.49116085575700136
Jalilabad,2021-05-09,0.31991915313422736
Jalilabad,2021-05-25,0.21089649779584801
Jalilabad,2021-06-10,0.18392721264544246
Jalilabad,2021-06-26,0.17082878481747804
Jalilabad,2021-07-12,0.1729304888181558
Jalilabad,2021-07-28,0.16978056860034396
Jalilabad,2021-08-13,0.15997318297866803
Jalilabad,2021-08-29,0.1507754258619841
Jalilabad,2021-09-14,0.14006953262028482
Jalilabad,2021-09-30,0.13803546439195485
Jalilabad,2021-10-16,0.18340749650539626
Jalilabad,2021-11-01,0.19640489491839375
Jalilabad,2021-11-17,0.20146892213131445
Jalilabad,2021-12-03,0.20476864253370428
Jalilabad,2021-12-19,0.23380818073387505
Jalilabad,2022-01-01,0.23009203187250987
Jalilabad,2022-01-17,0.2516129222481792
Jalilabad,2022-02-02,0.2773839167477851
Jalilabad,2022-02-18,0.2851622013251169
Jalilabad,2022-03-06,0.33266458314374026
Jalilabad,2022-03-22,0.3106696641133339
Jalilabad,2022-04-07,0.413079106482917
Jalilabad,2022-04-23,0.43582060313084175
Jalilabad,2022-05-09,0.3603246224633403
Jalilabad,2022-05-25,0.24799636991535404
Jalilabad,2022-06-10,0.208613392372614
Jalilabad,2022-06-26,0.17915004628215822
Jalilabad,2022-07-12,0.16872728102735546
Jalilabad,2022-07-28,0.1595156912011785
Jalilabad,2022-08-13,0.15539338247065998
Jalilabad,2022-08-29,0.14470775737923552
Jalilabad,2022-09-14,0.14114518378330052
Jalilabad,2022-09-30,0.13703465551525587
Jalilabad,2022-10-16,0.16050679468271423
Jalilabad,2022-11-01,0.14872631754223808
Jalilabad,2022-11-17,0.1458284638080322
Jalilabad,2022-12-03,0.18936813226728405
Jalilabad,2022-12-19,0.18942882290908705
Jalilabad,2023-01-01,0.19182057869009536
Jalilabad,2023-01-17,0.1985177446590608
Jalilabad,2023-02-02,0.2145836401208375
Jalilabad,2023-02-18,0.22627610745041102
Jalilabad,2023-03-06,0.3275311661820644
Jalilabad,2023-03-22,0.40992083847990807
Jalilabad,2023-04-07,0.39392828356068443
Jalilabad,2023-04-23,0.3806085720597103
Jalilabad,2023-05-09,0.30926686489656735
Jalilabad,2023-05-25,0.23073561973181442
Jalilabad,2023-06-10,0.19264680919610402
Jalilabad,2023-06-26,0.1698824670077998
Jalilabad,2023-07-12,0.14824712232367432
Jalilabad,2023-07-28,0.14512563220203792
Jalilabad,2023-08-13,0.14540532731425113
Jalilabad,2023-08-29,0.14771321512053615
Jalilabad,2023-09-14,0.1801130762839328
Jalilabad,2023-09-30,0.25377068672299224
Jalilabad,2023-10-16,0.29289888741206277
Jalilabad,2023-11-01,0.2672818017396275
Jalilabad,2023-11-17,0.2440541054689184
Jalilabad,2023-12-03,0.23203889563803978
Jalilabad,2023-12-19,0.22654959266890926
Jalilabad,2024-01-01,0.22863343145108625
Jalilabad,2024-01-17,0.26384645175121535
Jalilabad,2024-02-02,0.25074187547266746
Jalilabad,2024-02-18,0.26214408108547205
Jalilabad,2024-03-05,0.30933401439534014
Jalilabad,2024-03-21,0.3566188406581008
Jalilabad,2024-04-06,0.46060951799634714
Jalilabad,2024-04-22,0.47710553322987953
Jalilabad,2024-05-08,0.34292849006853415
Jalilabad,2024-05-24,0.2718939611901061
Jalilabad,2024-06-09,0.2113304446976084
Jalilabad,2024-06-25,0.1989882450228177
Jalilabad,2024-07-11,0.17723990027374475
Jalilabad,2024-07-27,0.1813691627183547
Jalilabad,2024-08-12,0.15951313901999492
Jalilabad,2024-08-28,0.1600310356365708
Jalilabad,2024-09-13,0.14310899391926094
Jalilabad,2024-09-29,0.14765192100072916
Jalilabad,2024-10-15,0.1348287634580007
Jalilabad,2024-10-31,0.1266284137113634
Jalilabad,2024-11-16,0.1507903983511007
Jalilabad,2024-12-02,0.12845843704805956
Jalilabad,2024-12-18,0.14495847798973574
Jalilabad,2025-01-01,0.14647341808310002
Jalilabad,2025-01-17,0.1884633034012007
Jalilabad,2025-02-02,0.24307783640337982
Jalilabad,2025-02-18,0.2524528986409886
Jalilabad,2025-03-06,0.28151452574754743
Jalilabad,2025-03-22,0.45314592905534473
Jalilabad,2025-04-07,0.45646970497666034
Jalilabad,2025-04-23,0.49548999736856
Jalilabad,2025-05-09,0.47011847772465126
Jalilabad,2025-05-25,0.26089746637510924
Jalilabad,2025-06-10,0.21649941948414714
Jalilabad,2025-06-26,0.17720355763614162
Jalilabad,2025-07-12,0.16926222438229754
Jalilabad,2025-07-28,0.1675036586692336
Jalilabad,2025-08-13,0.1593209129419681
Jalilabad,2025-08-29,0.15626490116701322
Jalilabad,2025-09-14,0.1595886046990457
Jalilabad,2025-09-30,0.21691403250549263
Jalilabad,2025-10-16,0.21287185894769597
Jalilabad,2025-11-01,0.21505980594518156
Jalilabad,2025-11-17,0.1854515638762951
Jalilabad,2025-12-03,0.18948822744893978
Jalilabad,2025-12-19,0.1891081784242046
Jalilabad,2026-01-01,0.1762758356170117
Jalilabad,2026-01-17,0.14671980325549552
Jalilabad,2026-02-02,0.2285439165464292
Jalilabad,2026-02-18,0.24655722324424412
Jalilabad,2026-03-06,0.29394298198045826
Jalilabad,2026-03-22,0.42493523346481343
Sumqayit,2020-01-01,0.10266894050123529
Sumqayit,2020-01-17,0.1651127892599002
Sumqayit,2020-02-02,0.108604147879816
Sumqayit,2020-02-18,0.12325837011040965
Sumqayit,2020-03-05,0.10291346072035838
Sumqayit,2020-03-21,0.16084818358218053
Sumqayit,2020-04-06,0.12768759948838762
Sumqayit,2020-04-22,0.1394328766950129
Sumqayit,2020-05-08,0.10714250726956241
Sumqayit,2020-05-24,0.10586763847046453
Sumqayit,2020-06-09,0.10826930394303763
Sumqayit,2020-06-25,0.09395206209356105
Sumqayit,2020-07-11,0.10492597529257812
Sumqayit,2020-07-27,0.11298411996432038
Sumqayit,2020-08-12,0.10987331465956916
Sumqayit,2020-08-28,0.11339040486677236
Sumqayit,2020-09-13,0.08222970650105127
Sumqayit,2020-09-29,0.10356277341256796
Sumqayit,2020-10-15,0.10645514985539527
Sumqayit,2020-10-31,0.0637716273048915
Sumqayit,2020-11-16,0.07790418976239907
Sumqayit,2020-12-02,0.0851213850665464
Sumqayit,2020-12-18,0.13267041462762874
Sumqayit,2021-01-01,0.15034053728811023
Sumqayit,2021-01-17,0.15444419137065502
Sumqayit,2021-02-02,0.1528538607693422
Sumqayit,2021-02-18,0.17951344170463396
Sumqayit,2021-03-06,0.19699752677693583
Sumqayit,2021-03-22,0.1787288941871425
Sumqayit,2021-04-07,0.20919175017249875
Sumqayit,2021-04-23,0.178066714411823
Sumqayit,2021-05-09,0.12888912799153954
Sumqayit,2021-05-25,0.12063881959662734
Sumqayit,2021-06-10,0.1113974627334694
Sumqayit,2021-06-26,0.10441419390849581
Sumqayit,2021-07-12,0.10536191948887806
Sumqayit,2021-07-28,0.09541062982869598
Sumqayit,2021-08-13,0.08141051893580446
Sumqayit,2021-08-29,0.11370267572947636
Sumqayit,2021-09-14,0.12163602215665356
Sumqayit,2021-09-30,0.08417292639300586
Sumqayit,2021-10-16,0.1597938282805475
Sumqayit,2021-11-01,0.15989352960535538
Sumqayit,2021-11-17,0.14305365603081088
Sumqayit,2021-12-03,0.13447015268799997
Sumqayit,2021-12-19,0.13360918757602572
Sumqayit,2022-01-01,0.1300845316433189
Sumqayit,2022-01-17,0.13114388151860235
Sumqayit,2022-02-02,0.12087611696111279
Sumqayit,2022-02-18,0.11538877271889601
Sumqayit,2022-03-06,0.041921868917535195
Sumqayit,2022-03-22,0.11832084000002552
Sumqayit,2022-04-07,0.08487807466838022
Sumqayit,2022-04-23,0.09765709827783434
Sumqayit,2022-05-09,0.1124677192724026
Sumqayit,2022-05-25,0.08651474206506446
Sumqayit,2022-06-10,0.09537816070896897
Sumqayit,2022-06-26,0.0997403499478463
Sumqayit,2022-07-12,0.09449059535067823
Sumqayit,2022-07-28,0.09145768077337277
Sumqayit,2022-08-13,0.1024399398775717
Sumqayit,2022-08-29,0.07628763574424634
Sumqayit,2022-09-14,0.10532612021354326
Sumqayit,2022-09-30,0.09163409677888965
Sumqayit,2022-10-16,0.10576465729388144
Sumqayit,2022-11-01,0.11331370636788603
Sumqayit,2022-11-17,0.10221515788008469
Sumqayit,2022-12-03,0.08623903264897724
Sumqayit,2022-12-19,0.15296714606925407
Sumqayit,2023-01-01,0.11879720770888165
Sumqayit,2023-01-17,0.15749794773372136
Sumqayit,2023-02-02,0.14286039139304957
Sumqayit,2023-02-18,0.1497594780147924
Sumqayit,2023-03-06,0.0965033288808294
Sumqayit,2023-03-22,0.0991974821592371
Sumqayit,2023-04-07,0.14351459465219957
Sumqayit,2023-04-23,0.11610969628071682
Sumqayit,2023-05-09,0.08693586008001286
Sumqayit,2023-05-25,0.11041087353369185
Sumqayit,2023-06-10,0.10017952711430556
Sumqayit,2023-06-26,0.11586937947279628
Sumqayit,2023-07-12,0.11240019087320817
Sumqayit,2023-07-28,0.11207131197181198
Sumqayit,2023-08-13,0.10043820244828143
Sumqayit,2023-08-29,0.10357127074617223
Sumqayit,2023-09-14,0.12353506514621673
Sumqayit,2023-09-30,0.11638542514336878
Sumqayit,2023-10-16,0.1061645649177598
Sumqayit,2023-11-01,0.09648398993860856
Sumqayit,2023-11-17,0.08840796419598862
Sumqayit,2023-12-03,0.04927147769800918
Sumqayit,2023-12-19,0.09824365367609277
Sumqayit,2024-01-01,0.09881093366531724
Sumqayit,2024-01-17,0.09792456909138186
Sumqayit,2024-02-02,0.0708671255933114
Sumqayit,2024-02-18,0.06472027787187211
Sumqayit,2024-03-05,0.08960096934529638
Sumqayit,2024-03-21,0.12932250384407257
Sumqayit,2024-04-06,0.12071060641645802
Sumqayit,2024-04-22,0.11620363902658543
Sumqayit,2024-05-08,0.08351850443874334
Sumqayit,2024-05-24,0.08141171821967583
Sumqayit,2024-06-09,0.10459852507443121
Sumqayit,2024-06-25,0.0831463543641308
Sumqayit,2024-07-11,0.10204746518765907
Sumqayit,2024-07-27,0.12039832502135156
Sumqayit,2024-08-12,0.09595330549305137
Sumqayit,2024-08-28,0.10014086888918787
Sumqayit,2024-09-13,0.08994040909028277
Sumqayit,2024-09-29,0.1111716063402578
Sumqayit,2024-10-15,0.07421425324678507
Sumqayit,2024-10-31,0.1300482216195609
Sumqayit,2024-11-16,0.12241861540427995
Sumqayit,2024-12-02,0.15027215592928833
Sumqayit,2024-12-18,0.15734663852299696
Sumqayit,2025-01-01,0.15430919359034623
Sumqayit,2025-01-17,0.11261885193534027
Sumqayit,2025-02-02,0.12283077330025634
Sumqayit,2025-02-18,0.09490405723451842
Sumqayit,2025-03-06,0.1554964938439609
Sumqayit,2025-03-22,0.1765578819786476
Sumqayit,2025-04-07,0.15141582511225327
Sumqayit,2025-04-23,0.11927151898702787
Sumqayit,2025-05-09,0.14039010098406612
Sumqayit,2025-05-25,0.09651536004388654
Sumqayit,2025-06-10,0.10502905437669056
Sumqayit,2025-06-26,0.07403525540765475
Sumqayit,2025-07-12,0.10045900521975702
Sumqayit,2025-07-28,0.09437750380484138
Sumqayit,2025-08-13,0.11589426220776475
Sumqayit,2025-08-29,0.1014927814607181
Sumqayit,2025-09-14,0.09084741066153465
Sumqayit,2025-09-30,0.1235949516561072
Sumqayit,2025-10-16,0.050217226294029284
Sumqayit,2025-11-01,0.10623367121759146
Sumqayit,2025-11-17,0.09906650965067303
Sumqayit,2025-12-03,0.060957706832977146
Sumqayit,2025-12-19,0.11403115434690954
Sumqayit,2026-01-01,0.11084557118327458
Sumqayit,2026-01-17,0.10213662789851148
Sumqayit,2026-02-02,0.06283483082838194
Sumqayit,2026-02-18,0.12358558299113336
Sumqayit,2026-03-06,0.13363886040336512
Sumqayit,2026-03-22,0.15193230364110963
Mingachevir,2020-01-01,0.11368602219317817
Mingachevir,2020-01-17,0.12420571080881967
Mingachevir,2020-02-02,0.11911781192375
Mingachevir,2020-02-18,0.11972780804491695
Mingachevir,2020-03-05,0.13497045563702542
Mingachevir,2020-03-21,0.1737387546806709
Mingachevir,2020-04-06,0.20665430966491485
Mingachevir,2020-04-22,0.2545782054416431
Mingachevir,2020-05-08,0.26913759279283156
Mingachevir,2020-05-24,0.25689211910786747
Mingachevir,2020-06-09,0.22733925192554663
Mingachevir,2020-06-25,0.23154266717437896
Mingachevir,2020-07-11,0.22544894667814244
Mingachevir,2020-07-27,0.22909976837030813
Mingachevir,2020-08-12,0.2203768143547623
Mingachevir,2020-08-28,0.24378276415592579
Mingachevir,2020-09-13,0.22164347561736164
Mingachevir,2020-09-29,0.20472802429624884
Mingachevir,2020-10-15,0.2025548917063041
Mingachevir,2020-10-31,0.18153491995721066
Mingachevir,2020-11-16,0.17271840023212331
Mingachevir,2020-12-02,0.06503965291512225
Mingachevir,2020-12-18,0.1279118424642886
Mingachevir,2021-01-01,0.13355423497391455
Mingachevir,2021-01-17,0.13948731849636054
Mingachevir,2021-02-02,0.13752563663116465
Mingachevir,2021-02-18,0.1627719950929191
Mingachevir,2021-03-06,0.17534582603868332
Mingachevir,2021-03-22,0.27758842206529655
Mingachevir,2021-04-07,0.32362592772888604
Mingachevir,2021-04-23,0.354357249175556
Mingachevir,2021-05-09,0.30866681577254584
Mingachevir,2021-05-25,0.2544185606708462
Mingachevir,2021-06-10,0.25065529862518005
Mingachevir,2021-06-26,0.23787239687116868
Mingachevir,2021-07-12,0.24062662576608138
Mingachevir,2021-07-28,0.21609531944728672
Mingachevir,2021-08-13,0.212930471978577
Mingachevir,2021-08-29,0.2219963718888566
Mingachevir,2021-09-14,0.21079095402899325
Mingachevir,2021-09-30,0.19592717435433302
Mingachevir,2021-10-16,0.21886252941068352
Mingachevir,2021-11-01,0.1964234236201654
Mingachevir,2021-11-17,0.1832546219868755
Mingachevir,2021-12-03,0.1702707325337543
Mingachevir,2021-12-19,0.17502435556630572
Mingachevir,2022-01-01,0.1574704575107333
Mingachevir,2022-01-17,0.14950725261712594
Mingachevir,2022-02-02,0.1425839812159556
Mingachevir,2022-02-18,0.14230270543791534
Mingachevir,2022-03-06,0.15119334584940217
Mingachevir,2022-03-22,0.17675684418213047
Mingachevir,2022-04-07,0.22247336814894486
Mingachevir,2022-04-23,0.23642854166232224
Mingachevir,2022-05-09,0.22874761432636426
Mingachevir,2022-05-25,0.22037391295657874
Mingachevir,2022-06-10,0.2230326558896687
Mingachevir,2022-06-26,0.2211768661712382
Mingachevir,2022-07-12,0.22224210321108082
Mingachevir,2022-07-28,0.22043857291513275
Mingachevir,2022-08-13,0.22280611202396144
Mingachevir,2022-08-29,0.20826948075412058
Mingachevir,2022-09-14,0.20102463922356764
Mingachevir,2022-09-30,0.1717035102469931
Mingachevir,2022-10-16,0.1759266203060111
Mingachevir,2022-11-01,0.16481583912572062
Mingachevir,2022-11-17,0.15195799746107982
Mingachevir,2022-12-03,0.03750865066220269
Mingachevir,2022-12-19,0.13375813428983147
Mingachevir,2023-01-01,0.12554344416978885
Mingachevir,2023-01-17,0.12979021549724745
Mingachevir,2023-02-02,0.12528364848612664
Mingachevir,2023-02-18,0.1326131213628519
Mingachevir,2023-03-06,0.1595913311265719
Mingachevir,2023-03-22,0.1925341636616888
Mingachevir,2023-04-07,0.24960742455605542
Mingachevir,2023-04-23,0.23806013035926318
Mingachevir,2023-05-09,0.24190618454838983
Mingachevir,2023-05-25,0.23391098494969917
Mingachevir,2023-06-10,0.23815678853241695
Mingachevir,2023-06-26,0.2340725463522658
Mingachevir,2023-07-12,0.23461093598895627
Mingachevir,2023-07-28,0.22032150580795548
Mingachevir,2023-08-13,0.21480200023400423
Mingachevir,2023-08-29,0.21520013428908355
Mingachevir,2023-09-14,0.2146388764048358
Mingachevir,2023-09-30,0.19907193215184693
Mingachevir,2023-10-16,0.18824403044503668
Mingachevir,2023-11-01,0.15907401792356962
Mingachevir,2023-11-17,0.16976609130009931
Mingachevir,2023-12-03,0.14595049790005088
Mingachevir,2023-12-19,0.14771468561493173
Mingachevir,2024-01-01,0.13471337393558444
Mingachevir,2024-01-17,0.1452078278383686
Mingachevir,2024-02-02,0.12420113756297181
Mingachevir,2024-02-18,0.13554291683026776
Mingachevir,2024-03-05,0.16730228193405555
Mingachevir,2024-03-21,0.23136596152237418
Mingachevir,2024-04-06,0.27698010831589115
Mingachevir,2024-04-22,0.27236435161445055
Mingachevir,2024-05-08,0.2877332882422304
Mingachevir,2024-05-24,0.24956084101240456
Mingachevir,2024-06-09,0.2670689898342722
Mingachevir,2024-06-25,0.25903194166954996
Mingachevir,2024-07-11,0.24013949371051876
Mingachevir,2024-07-27,0.26619460348981383
Mingachevir,2024-08-12,0.22153143626154684
Mingachevir,2024-08-28,0.22603965494756792
Mingachevir,2024-09-13,0.2112112604211151
Mingachevir,2024-09-29,0.22431176584434506
Mingachevir,2024-10-15,0.18999370029431772
Mingachevir,2024-10-31,0.18817256510067806
Mingachevir,2024-11-16,0.17008248872941517
Mingachevir,2024-12-02,0.14078565643157828
Mingachevir,2024-12-18,0.1415035474648144
Mingachevir,2025-01-01,0.14637336509375737
Mingachevir,2025-01-17,0.1288055950076998
Mingachevir,2025-02-02,0.13754572408977914
Mingachevir,2025-02-18,0.13970622178049624
Mingachevir,2025-03-06,0.14471524095952668
Mingachevir,2025-03-22,0.22928753975694086
Mingachevir,2025-04-07,0.24129216871296896
Mingachevir,2025-04-23,0.2804035306761806
Mingachevir,2025-05-09,0.2974758525165888
Mingachevir,2025-05-25,0.255620792936888
Mingachevir,2025-06-10,0.2451706572916134
Mingachevir,2025-06-26,0.22066332339840758
Mingachevir,2025-07-12,0.23404975447535323
Mingachevir,2025-07-28,0.23197743500669163
Mingachevir,2025-08-13,0.2351016965308848
Mingachevir,2025-08-29,0.22477833461718866
Mingachevir,2025-09-14,0.23954055656652887
Mingachevir,2025-09-30,0.23035828315913093
Mingachevir,2025-10-16,0.2064596498551481
Mingachevir,2025-11-01,0.1871878385469555
Mingachevir,2025-11-17,0.15954088238474035
Mingachevir,2025-12-03,0.14623436062042558
Mingachevir,2025-12-19,0.1436629199949242
Mingachevir,2026-01-01,0.1289044379154008
Mingachevir,2026-01-17,0.11033685103076758
Mingachevir,2026-02-02,0.12287472450769629
Mingachevir,2026-02-18,0.15338805742410494
Mingachevir,2026-03-06,0.20090285584849446
Mingachevir,2026-03-22,0.2572160017424032
Shirvan,2020-01-01,0.15038454810518653
Shirvan,2020-01-17,0.17168397755874354
Shirvan,2020-02-02,0.16885161413224714
Shirvan,2020-02-18,0.20444553145363206
Shirvan,2020-03-05,0.22826412765713022
Shirvan,2020-03-21,0.2699638901758765
Shirvan,2020-04-06,0.27205080971631973
Shirvan,2020-04-22,0.2646035686542907
Shirvan,2020-05-08,0.2372777786244369
Shirvan,2020-05-24,0.2147444114620337
Shirvan,2020-06-09,0.2130053256799754
Shirvan,2020-06-25,0.2245113151230158
Shirvan,2020-07-11,0.2263767704247203
Shirvan,2020-07-27,0.2305639332118894
Shirvan,2020-08-12,0.22602372376528024
Shirvan,2020-08-28,0.23209392018365507
Shirvan,2020-09-13,0.2248076623533782
Shirvan,2020-09-29,0.21235666219801835
Shirvan,2020-10-15,0.20497260514403834
Shirvan,2020-10-31,0.18772259270738145
Shirvan,2020-11-16,0.16307206150420378
Shirvan,2020-12-02,0.17642808726123313
Shirvan,2020-12-18,0.17282779578425364
Shirvan,2021-01-01,0.1790738892189976
Shirvan,2021-01-17,0.17276864523350324
Shirvan,2021-02-02,0.1784026726412714
Shirvan,2021-02-18,0.20870451553922958
Shirvan,2021-03-06,0.25032192891680444
Shirvan,2021-03-22,0.31022743202617326
Shirvan,2021-04-07,0.33056657185841226
Shirvan,2021-04-23,0.30908933413059664
Shirvan,2021-05-09,0.24437335136766858
Shirvan,2021-05-25,0.23809578226976438
Shirvan,2021-06-10,0.24073564269869535
Shirvan,2021-06-26,0.23543803046116601
Shirvan,2021-07-12,0.24337402951992682
Shirvan,2021-07-28,0.24159410902383402
Shirvan,2021-08-13,0.24423906015856192
Shirvan,2021-08-29,0.23149151489153594
Shirvan,2021-09-14,0.22459162198511828
Shirvan,2021-09-30,0.18427550182473654
Shirvan,2021-10-16,0.19103123579282721
Shirvan,2021-11-01,0.17497821863642912
Shirvan,2021-11-17,0.14816799829045335
Shirvan,2021-12-03,0.13747722146143557
Shirvan,2021-12-19,0.145823345966757
Shirvan,2022-01-01,0.13782181515969258
Shirvan,2022-01-17,0.1413944886263812
Shirvan,2022-02-02,0.1439432933260662
Shirvan,2022-02-18,0.1660445278732518
Shirvan,2022-03-06,0.15710951492430533
Shirvan,2022-03-22,0.20078258018743098
Shirvan,2022-04-07,0.21154676929752356
Shirvan,2022-04-23,0.2115973186925384
Shirvan,2022-05-09,0.20365862573171598
Shirvan,2022-05-25,0.20575334624510175
Shirvan,2022-06-10,0.21891961753081474
Shirvan,2022-06-26,0.22124375723375217
Shirvan,2022-07-12,0.2183316804927607
Shirvan,2022-07-28,0.2420785834549201
Shirvan,2022-08-13,0.22687860266267248
Shirvan,2022-08-29,0.2208459669543752
Shirvan,2022-09-14,0.2164179782389791
Shirvan,2022-09-30,0.19628942452350295
Shirvan,2022-10-16,0.19430988093759907
Shirvan,2022-11-01,0.17558178892426868
Shirvan,2022-11-17,0.17444277179524137
Shirvan,2022-12-03,0.18879708344602011
Shirvan,2022-12-19,0.1812602223045631
Shirvan,2023-01-01,0.16947859655287448
Shirvan,2023-01-17,0.1817585250914487
Shirvan,2023-02-02,0.18035897699866757
Shirvan,2023-02-18,0.18287232678131185
Shirvan,2023-03-06,0.2032053127892637
Shirvan,2023-03-22,0.22835390952773582
Shirvan,2023-04-07,0.2195692785524818
Shirvan,2023-04-23,0.23539846081352037
Shirvan,2023-05-09,0.21934201246707485
Shirvan,2023-05-25,0.21721240599700373
Shirvan,2023-06-10,0.22074297605269094
Shirvan,2023-06-26,0.2267208376080288
Shirvan,2023-07-12,0.23403482027920172
Shirvan,2023-07-28,0.2364061018863675
Shirvan,2023-08-13,0.23146496319064783
Shirvan,2023-08-29,0.22738457747781501
Shirvan,2023-09-14,0.23982038974957473
Shirvan,2023-09-30,0.2649427381963625
Shirvan,2023-10-16,0.23601685119993174
Shirvan,2023-11-01,0.20939199183918433
Shirvan,2023-11-17,0.18261253417613102
Shirvan,2023-12-03,0.18344616846797743
Shirvan,2023-12-19,0.16396170447974917
Shirvan,2024-01-01,0.16944473747796446
Shirvan,2024-01-17,0.16802902208394954
Shirvan,2024-02-02,0.16122244896669993
Shirvan,2024-02-18,0.18599505837636682
Shirvan,2024-03-05,0.19034106390417227
Shirvan,2024-03-21,0.25455403943375465
Shirvan,2024-04-06,0.2965497119540314
Shirvan,2024-04-22,0.26969955210206453
Shirvan,2024-05-08,0.25002622574774536
Shirvan,2024-05-24,0.2410653127339895
Shirvan,2024-06-09,0.24678318974238905
Shirvan,2024-06-25,0.251896760838611
Shirvan,2024-07-11,0.25222060310762884
Shirvan,2024-07-27,0.26977390047462685
Shirvan,2024-08-12,0.24992840100101435
Shirvan,2024-08-28,0.24904492432678624
Shirvan,2024-09-13,0.21810241881467468
Shirvan,2024-09-29,0.22759377384559554
Shirvan,2024-10-15,0.21563910919459142
Shirvan,2024-10-31,0.23057484110174714
Shirvan,2024-11-16,0.2213439247917846
Shirvan,2024-12-02,0.22020782991288607
Shirvan,2024-12-18,0.22744694557679446
Shirvan,2025-01-01,0.20393360160358068
Shirvan,2025-01-17,0.19228335448223025
Shirvan,2025-02-02,0.20180630590704535
Shirvan,2025-02-18,0.2134965957861783
Shirvan,2025-03-06,0.20840128038521322
Shirvan,2025-03-22,0.24954928413121863
Shirvan,2025-04-07,0.25682651417988117
Shirvan,2025-04-23,0.27439043817166714
Shirvan,2025-05-09,0.2797324389078728
Shirvan,2025-05-25,0.2302077716184437
Shirvan,2025-06-10,0.2443602241601941
Shirvan,2025-06-26,0.22791104972833764
Shirvan,2025-07-12,0.23941391638172566
Shirvan,2025-07-28,0.24406573623235533
Shirvan,2025-08-13,0.2558255439416323
Shirvan,2025-08-29,0.232673137790651
Shirvan,2025-09-14,0.2311412726428905
Shirvan,2025-09-30,0.2371688038071226
Shirvan,2025-10-16,0.1902484878287403
Shirvan,2025-11-01,0.21206774270728257
Shirvan,2025-11-17,0.1531891684022055
Shirvan,2025-12-03,0.15655793977894336
Shirvan,2025-12-19,0.16876138400837173
Shirvan,2026-01-01,0.15363009789636614
Shirvan,2026-01-17,0.1457624520941948
Shirvan,2026-02-02,0.1906778968715451
Shirvan,2026-02-18,0.1938906597616148
Shirvan,2026-03-06,0.23682160414145179
Shirvan,2026-03-22,0.35605128140186204
Quba,2020-01-01,0.18553946437384275
Quba,2020-01-17,0.12779379963081056
Quba,2020-02-02,0.14214704302624828
Quba,2020-02-18,0.1777290463695495
Quba,2020-03-05,0.20072312624317654
Quba,2020-03-21,0.2405253483065954
Quba,2020-04-06,0.3299464413465435
Quba,2020-04-22,0.44408167769913964
Quba,2020-05-08,0.5099082128815804
Quba,2020-05-24,0.5215613235571659
Quba,2020-06-09,0.4776732938425302
Quba,2020-06-25,0.45513094817804306
Quba,2020-07-11,0.4195701787647473
Quba,2020-07-27,0.4157387255974155
Quba,2020-08-12,0.3859306360563263
Quba,2020-08-28,0.39739307972596627
Quba,2020-09-13,0.36959747801467613
Quba,2020-09-29,0.2913305796963554
Quba,2020-10-15,0.24056352214716364
Quba,2020-10-31,0.19968135188701985
Quba,2020-11-16,0.1727858194588662
Quba,2020-12-02,0.14846967439652667
Quba,2020-12-18,0.1457826936624864
Quba,2021-01-01,0.15039078727169886
Quba,2021-01-17,0.13841619198682906
Quba,2021-02-02,0.1479355924568052
Quba,2021-02-18,0.10630650308684092
Quba,2021-03-06,0.1683412534852375
Quba,2021-03-22,0.21706423964772928
Quba,2021-04-07,0.29229925206074203
Quba,2021-04-23,0.4996593763053602
Quba,2021-05-09,0.527900826093068
Quba,2021-05-25,0.47765479766474284
Quba,2021-06-10,0.4812365959406614
Quba,2021-06-26,0.44720454701586326
Quba,2021-07-12,0.4317358573782805
Quba,2021-07-28,0.3981884733495314
Quba,2021-08-13,0.36684710284085886
Quba,2021-08-29,0.3644921367081671
Quba,2021-09-14,0.3445361983807814
Quba,2021-09-30,0.32930651604176536
Quba,2021-10-16,0.3116281588233855
Quba,2021-11-01,0.2627464570622549
Quba,2021-11-17,0.24228225310208032
Quba,2021-12-03,0.2263889397957604
Quba,2021-12-19,0.21460489291026844
Quba,2022-01-01,0.20473938768478295
Quba,2022-01-17,0.15577827934019717
Quba,2022-02-02,0.17971373726719006
Quba,2022-02-18,0.21134246221414352
Quba,2022-03-06,0.0711462526442796
Quba,2022-03-22,0.24502009620874082
Quba,2022-04-07,0.3422991565547729
Quba,2022-04-23,0.4705196068344218
Quba,2022-05-09,0.5487554270013023
Quba,2022-05-25,0.5700432853855735
Quba,2022-06-10,0.5384211734244674
Quba,2022-06-26,0.46229890924208805
Quba,2022-07-12,0.4240686682385598
Quba,2022-07-28,0.40633319272622753
Quba,2022-08-13,0.41087026828925477
Quba,2022-08-29,0.3476379409205367
Quba,2022-09-14,0.33471469141583415
Quba,2022-09-30,0.3417146049314085
Quba,2022-10-16,0.3064171208760495
Quba,2022-11-01,0.2713440756584534
Quba,2022-11-17,0.2349036948788511
Quba,2022-12-03,0.19568084692142107
Quba,2022-12-19,0.18407879017055062
Quba,2023-01-01,0.17002240610627117
Quba,2023-01-17,0.160976780505815
Quba,2023-02-02,0.12604215050634313
Quba,2023-02-18,0.17003409728895702
Quba,2023-03-06,0.2039760332924566
Quba,2023-03-22,0.2894696797964017
Quba,2023-04-07,0.3760657319729033
Quba,2023-04-23,0.5190335883712507
Quba,2023-05-09,0.5085008402077367
Quba,2023-05-25,0.5078745294386594
Quba,2023-06-10,0.5030186643496245
Quba,2023-06-26,0.5035982256183413
Quba,2023-07-12,0.4792713498084751
Quba,2023-07-28,0.4118725763238373
Quba,2023-08-13,0.3820068672699981
Quba,2023-08-29,0.41564050068974406
Quba,2023-09-14,0.4031911050739369
Quba,2023-09-30,0.40504603180400084
Quba,2023-10-16,0.32827474372499355
Quba,2023-11-01,0.2602800835231738
Quba,2023-11-17,0.21461036205705425
Quba,2023-12-03,0.22623609536454947
Quba,2023-12-19,0.1975252509327496
Quba,2024-01-01,0.1807605264664427
Quba,2024-01-17,0.17091188739351948
Quba,2024-02-02,0.17122809434994754
Quba,2024-02-18,0.15498271517664472
Quba,2024-03-05,0.20740590812396914
Quba,2024-03-21,0.23860874965354895
Quba,2024-04-06,0.3935809930883534
Quba,2024-04-22,0.4767475639068773
Quba,2024-05-08,0.5682328556718862
Quba,2024-05-24,0.537108810277532
Quba,2024-06-09,0.5219864613084356
Quba,2024-06-25,0.48062197953985025
Quba,2024-07-11,0.45203244480671023
Quba,2024-07-27,0.48713800930265316
Quba,2024-08-12,0.42912288236539
Quba,2024-08-28,0.42215809100190893
Quba,2024-09-13,0.3428804349765838
Quba,2024-09-29,0.350192475499699
Quba,2024-10-15,0.28552568198526096
Quba,2024-10-31,0.23632896746559032
Quba,2024-11-16,0.21511350915774094
Quba,2024-12-02,0.1873795230891229
Quba,2024-12-18,0.21432717949122973
Quba,2025-01-01,0.16815763098102843
Quba,2025-01-17,0.17757869253372308
Quba,2025-02-02,0.1848089339930972
Quba,2025-02-18,0.08137851194673476
Quba,2025-03-06,0.20118101835657132
Quba,2025-03-22,0.27982106186923256
Quba,2025-04-07,0.41992694401431463
Quba,2025-04-23,0.4929817581231402
Quba,2025-05-09,0.5782493167908103
Quba,2025-05-25,0.533939828910474
Quba,2025-06-10,0.5270120165775302
Quba,2025-06-26,0.4594795298216297
Quba,2025-07-12,0.42810891344292895
Quba,2025-07-28,0.4274523019938997
Quba,2025-08-13,0.41820851655423613
Quba,2025-08-29,0.3782052068914327
Quba,2025-09-14,0.39873897577251666
Quba,2025-09-30,0.4369287270819235
Quba,2025-10-16,0.3106334120464651
Quba,2025-11-01,0.31299390912536595
Quba,2025-11-17,0.24538312940465817
Quba,2025-12-03,0.2538010193656775
Quba,2025-12-19,0.23157198435585688
Quba,2026-01-01,0.19949059559400342
Quba,2026-01-17,0.16147350104701783
Quba,2026-02-02,0.1927302650710299
Quba,2026-02-18,0.20355435971519592
Quba,2026-03-06,0.2716074510053198
Quba,2026-03-22,0.33115029684234154
Khachmaz,2020-01-01,0.16713104121158248
Khachmaz,2020-01-17,0.18872316197393127
Khachmaz,2020-02-02,0.17122171931021996
Khachmaz,2020-02-18,0.1909222668228123
Khachmaz,2020-03-05,0.21827767078126428
Khachmaz,2020-03-21,0.2911382400548949
Khachmaz,2020-04-06,0.35299390578731527
Khachmaz,2020-04-22,0.4003057808867046
Khachmaz,2020-05-08,0.40711828522049054
Khachmaz,2020-05-24,0.3911336708182671
Khachmaz,2020-06-09,0.3635605953415287
Khachmaz,2020-06-25,0.36008029278419185
Khachmaz,2020-07-11,0.346365084010081
Khachmaz,2020-07-27,0.3495961788625718
Khachmaz,2020-08-12,0.334525377209215
Khachmaz,2020-08-28,0.33614414124886843
Khachmaz,2020-09-13,0.2985093511634465
Khachmaz,2020-09-29,0.27253107353692047
Khachmaz,2020-10-15,0.24971838158511528
Khachmaz,2020-10-31,0.19329714127394973
Khachmaz,2020-11-16,0.1557684522381149
Khachmaz,2020-12-02,0.1507387539557357
Khachmaz,2020-12-18,0.15712307159889313
Khachmaz,2021-01-01,0.15085593396229408
Khachmaz,2021-01-17,0.16515208709885196
Khachmaz,2021-02-02,0.15160972900003308
Khachmaz,2021-02-18,0.1837777263998444
Khachmaz,2021-03-06,0.21860520021921911
Khachmaz,2021-03-22,0.30510782686061905
Khachmaz,2021-04-07,0.37391859656586834
Khachmaz,2021-04-23,0.44332477264279707
Khachmaz,2021-05-09,0.47697367847948274
Khachmaz,2021-05-25,0.3849509810214191
Khachmaz,2021-06-10,0.3768911720628436
Khachmaz,2021-06-26,0.36048666447021316
Khachmaz,2021-07-12,0.3555439037625177
Khachmaz,2021-07-28,0.3350874129033833
Khachmaz,2021-08-13,0.2954082770489459
Khachmaz,2021-08-29,0.31718237422942724
Khachmaz,2021-09-14,0.2816730448138166
Khachmaz,2021-09-30,0.26318583123024136
Khachmaz,2021-10-16,0.3240182992531374
Khachmaz,2021-11-01,0.28865438602014104
Khachmaz,2021-11-17,0.27428516364934197
Khachmaz,2021-12-03,0.2523186815754553
Khachmaz,2021-12-19,0.2554036712838357
Khachmaz,2022-01-01,0.22245032816264962
Khachmaz,2022-01-17,0.2755046227770595
Khachmaz,2022-02-02,0.2539151417596517
Khachmaz,2022-02-18,0.23299307178582412
Khachmaz,2022-03-06,0.20424338389392546
Khachmaz,2022-03-22,0.3135446395320696
Khachmaz,2022-04-07,0.39547660385204914
Khachmaz,2022-04-23,0.4585704751512435
Khachmaz,2022-05-09,0.48672299591938756
Khachmaz,2022-05-25,0.4457067371527417
Khachmaz,2022-06-10,0.3991311943178917
Khachmaz,2022-06-26,0.3687581596568284
Khachmaz,2022-07-12,0.33788143763073686
Khachmaz,2022-07-28,0.35370056694779894
Khachmaz,2022-08-13,0.33844636491368857
Khachmaz,2022-08-29,0.29438214924446326
Khachmaz,2022-09-14,0.28984460203443985
Khachmaz,2022-09-30,0.27161605616509604
Khachmaz,2022-10-16,0.26672705578478934
Khachmaz,2022-11-01,0.25526952674726466
Khachmaz,2022-11-17,0.206693941940054
Khachmaz,2022-12-03,0.1925409301466412
Khachmaz,2022-12-19,0.2071015540790934
Khachmaz,2023-01-01,0.18697539981269384
Khachmaz,2023-01-17,0.19565944636116547
Khachmaz,2023-02-02,0.17745494539244502
Khachmaz,2023-02-18,0.19897787549079504
Khachmaz,2023-03-06,0.25839248173813134
Khachmaz,2023-03-22,0.2675784805767938
Khachmaz,2023-04-07,0.40990936452962934
Khachmaz,2023-04-23,0.4130506976215396
Khachmaz,2023-05-09,0.3722134045656736
Khachmaz,2023-05-25,0.3784517167641048
Khachmaz,2023-06-10,0.35369391964152136
Khachmaz,2023-06-26,0.3740930980533745
Khachmaz,2023-07-12,0.35756174621814846
Khachmaz,2023-07-28,0.33735480150938696
Khachmaz,2023-08-13,0.30726685295065465
Khachmaz,2023-08-29,0.3257373922421673
Khachmaz,2023-09-14,0.32363639297379204
Khachmaz,2023-09-30,0.3304840429727835
Khachmaz,2023-10-16,0.27668806097657367
Khachmaz,2023-11-01,0.24143378402682217
Khachmaz,2023-11-17,0.17492535442105847
Khachmaz,2023-12-03,0.13744026803599071
Khachmaz,2023-12-19,0.1785908557463741
Khachmaz,2024-01-01,0.17717938560805735
Khachmaz,2024-01-17,0.1776637734031017
Khachmaz,2024-02-02,0.16772885180804678
Khachmaz,2024-02-18,0.1604958108229558
Khachmaz,2024-03-05,0.20522263010595113
Khachmaz,2024-03-21,0.29196848050685353
Khachmaz,2024-04-06,0.3664547376977112
Khachmaz,2024-04-22,0.4152872997140669
Khachmaz,2024-05-08,0.4562003442242154
Khachmaz,2024-05-24,0.3859024128135453
Khachmaz,2024-06-09,0.36576176499364305
Khachmaz,2024-06-25,0.35455158981936413
Khachmaz,2024-07-11,0.36011497529860664
Khachmaz,2024-07-27,0.3875761407744026
Khachmaz,2024-08-12,0.3544531990926766
Khachmaz,2024-08-28,0.3229778107196302
Khachmaz,2024-09-13,0.28747379801242295
Khachmaz,2024-09-29,0.2887241134206047
Khachmaz,2024-10-15,0.23891792029227454
Khachmaz,2024-10-31,0.2476630008514137
Khachmaz,2024-11-16,0.2169627381319248
Khachmaz,2024-12-02,0.22501596823940628
Khachmaz,2024-12-18,0.23196646442530566
Khachmaz,2025-01-01,0.20639516006025813
Khachmaz,2025-01-17,0.20733987712234048
Khachmaz,2025-02-02,0.25061328688267254
Khachmaz,2025-02-18,0.2181811375259384
Khachmaz,2025-03-06,0.2697234146532868
Khachmaz,2025-03-22,0.3396136379739918
Khachmaz,2025-04-07,0.42418566043374306
Khachmaz,2025-04-23,0.4237979118128644
Khachmaz,2025-05-09,0.43351423417376145
Khachmaz,2025-05-25,0.3947361283793979
Khachmaz,2025-06-10,0.39876574334605175
Khachmaz,2025-06-26,0.3410849128708636
Khachmaz,2025-07-12,0.33761434077176206
Khachmaz,2025-07-28,0.34044588250372093
Khachmaz,2025-08-13,0.354391132713976
Khachmaz,2025-08-29,0.3308833593379091
Khachmaz,2025-09-14,0.35267619118051924
Khachmaz,2025-09-30,0.4061677896899402
Khachmaz,2025-10-16,0.335359121311719
Khachmaz,2025-11-01,0.35549829376809156
Khachmaz,2025-11-17,0.2477695499800157
Khachmaz,2025-12-03,0.20253606562366033
Khachmaz,2025-12-19,0.2626266606712993
Khachmaz,2026-01-01,0.23669147540698365
Khachmaz,2026-01-17,0.18478543647681356
Khachmaz,2026-02-02,0.17742373385068572
Khachmaz,2026-02-18,0.18597005710869882
Khachmaz,2026-03-06,0.28473470833978665
Khachmaz,2026-03-22,0.31245566953401743
Yevlakh,2020-01-01,0.16506750768111922
Yevlakh,2020-01-17,0.1618570863309636
Yevlakh,2020-02-02,0.15510892004143043
Yevlakh,2020-02-18,0.16091224426101794
Yevlakh,2020-03-05,0.2015631174438569
Yevlakh,2020-03-21,0.26009265839437035
Yevlakh,2020-04-06,0.29449654051207125
Yevlakh,2020-04-22,0.360663386273426
Yevlakh,2020-05-08,0.35597801557269004
Yevlakh,2020-05-24,0.34394622407767794
Yevlakh,2020-06-09,0.32335315385172736
Yevlakh,2020-06-25,0.3159276559652708
Yevlakh,2020-07-11,0.33250122209077126
Yevlakh,2020-07-27,0.3370908888925304
Yevlakh,2020-08-12,0.32369994419289255
Yevlakh,2020-08-28,0.3406373011390615
Yevlakh,2020-09-13,0.3151748911050737
Yevlakh,2020-09-29,0.28746331741768094
Yevlakh,2020-10-15,0.2740416282511998
Yevlakh,2020-10-31,0.24924926477613624
Yevlakh,2020-11-16,0.22189912033319176
Yevlakh,2020-12-02,0.07532633868150551
Yevlakh,2020-12-18,0.1680479659890054
Yevlakh,2021-01-01,0.17376178914607096
Yevlakh,2021-01-17,0.1697601162966069
Yevlakh,2021-02-02,0.16323494760705576
Yevlakh,2021-02-18,0.19147513916737083
Yevlakh,2021-03-06,0.20515970965695893
Yevlakh,2021-03-22,0.32531466410221155
Yevlakh,2021-04-07,0.391322341596747
Yevlakh,2021-04-23,0.4266240200147543
Yevlakh,2021-05-09,0.3730138886064868
Yevlakh,2021-05-25,0.33249415875078997
Yevlakh,2021-06-10,0.34406734549850676
Yevlakh,2021-06-26,0.3271109413713469
Yevlakh,2021-07-12,0.3516368648092076
Yevlakh,2021-07-28,0.3279580101755685
Yevlakh,2021-08-13,0.31807095999082485
Yevlakh,2021-08-29,0.31961648076470933
Yevlakh,2021-09-14,0.30105127374245005
Yevlakh,2021-09-30,0.2769114630009934
Yevlakh,2021-10-16,0.28258001017833234
Yevlakh,2021-11-01,0.24434567328533932
Yevlakh,2021-11-17,0.21398881334110284
Yevlakh,2021-12-03,0.20357722387781604
Yevlakh,2021-12-19,0.20062760045293265
Yevlakh,2022-01-01,0.18975203371006538
Yevlakh,2022-01-17,0.17609625366289294
Yevlakh,2022-02-02,0.17627598809869544
Yevlakh,2022-02-18,0.17867261491733666
Yevlakh,2022-03-06,0.2199535093826812
Yevlakh,2022-03-22,0.2299775149669454
Yevlakh,2022-04-07,0.29661956539548767
Yevlakh,2022-04-23,0.3224800822913011
Yevlakh,2022-05-09,0.3081331867121841
Yevlakh,2022-05-25,0.31094925201301415
Yevlakh,2022-06-10,0.3279263152523177
Yevlakh,2022-06-26,0.32572084248399524
Yevlakh,2022-07-12,0.32447923655797895
Yevlakh,2022-07-28,0.32843303095764614
Yevlakh,2022-08-13,0.3202431379268618
Yevlakh,2022-08-29,0.29785087316309833
Yevlakh,2022-09-14,0.28828339097962125
Yevlakh,2022-09-30,0.2678477665806036
Yevlakh,2022-10-16,0.23262656272239238
Yevlakh,2022-11-01,0.22952355529418805
Yevlakh,2022-11-17,0.20724868141773192
Yevlakh,2022-12-03,0.058595255314797555
Yevlakh,2022-12-19,0.17490234944891644
Yevlakh,2023-01-01,0.1649728048699597
Yevlakh,2023-01-17,0.16698333327411105
Yevlakh,2023-02-02,0.16179530029928973
Yevlakh,2023-02-18,0.1732220202962574
Yevlakh,2023-03-06,0.20874943459523504
Yevlakh,2023-03-22,0.2743137861717214
Yevlakh,2023-04-07,0.35200638984472565
Yevlakh,2023-04-23,0.3519371725083177
Yevlakh,2023-05-09,0.3389033030819463
Yevlakh,2023-05-25,0.3141922566108328
Yevlakh,2023-06-10,0.32836824879586385
Yevlakh,2023-06-26,0.3390930192355868
Yevlakh,2023-07-12,0.3441723211551976
Yevlakh,2023-07-28,0.32883617295505113
Yevlakh,2023-08-13,0.3208181247745852
Yevlakh,2023-08-29,0.3235765380563215
Yevlakh,2023-09-14,0.3087528276950127
Yevlakh,2023-09-30,0.29525704842584305
Yevlakh,2023-10-16,0.2715967785065847
Yevlakh,2023-11-01,0.2517327293063816
Yevlakh,2023-11-17,0.250617608931098
Yevlakh,2023-12-03,0.22624887091657458
Yevlakh,2023-12-19,0.20369996515752398
Yevlakh,2024-01-01,0.18507260454707136
Yevlakh,2024-01-17,0.20288092111445116
Yevlakh,2024-02-02,0.16579634346962835
Yevlakh,2024-02-18,0.19360190782529405
Yevlakh,2024-03-05,0.22411263739810589
Yevlakh,2024-03-21,0.29679760657696586
Yevlakh,2024-04-06,0.36799042628773443
Yevlakh,2024-04-22,0.35220316898301396
Yevlakh,2024-05-08,0.36345641587477256
Yevlakh,2024-05-24,0.33053333182645633
Yevlakh,2024-06-09,0.37880262632111467
Yevlakh,2024-06-25,0.38486928358637423
Yevlakh,2024-07-11,0.35388431897266004
Yevlakh,2024-07-27,0.38761049534878317
Yevlakh,2024-08-12,0.3453075639457267
Yevlakh,2024-08-28,0.3366268009537946
Yevlakh,2024-09-13,0.31730721456170335
Yevlakh,2024-09-29,0.32234278744550826
Yevlakh,2024-10-15,0.2626394236102702
Yevlakh,2024-10-31,0.254636914543595
Yevlakh,2024-11-16,0.23432581528741958
Yevlakh,2024-12-02,0.1890673630692691
Yevlakh,2024-12-18,0.17970464042293852
Yevlakh,2025-01-01,0.18407666119377178
Yevlakh,2025-01-17,0.17135908464589442
Yevlakh,2025-02-02,0.1913797697557066
Yevlakh,2025-02-18,0.1737515900593174
Yevlakh,2025-03-06,0.19025059628254343
Yevlakh,2025-03-22,0.33217617768888363
Yevlakh,2025-04-07,0.33059872591217204
Yevlakh,2025-04-23,0.36030567237057665
Yevlakh,2025-05-09,0.37415356548694245
Yevlakh,2025-05-25,0.3484121364921477
Yevlakh,2025-06-10,0.35719468826964434
Yevlakh,2025-06-26,0.3280728548731435
Yevlakh,2025-07-12,0.3355847176766402
Yevlakh,2025-07-28,0.3327124215132354
Yevlakh,2025-08-13,0.3599599881200154
Yevlakh,2025-08-29,0.3218755457479116
Yevlakh,2025-09-14,0.3388462867722614
Yevlakh,2025-09-30,0.3175412213366742
Yevlakh,2025-10-16,0.27641691961821796
Yevlakh,2025-11-01,0.27337036497456974
Yevlakh,2025-11-17,0.21939964062655504
Yevlakh,2025-12-03,0.21663518195428508
Yevlakh,2025-12-19,0.19988376976821154
Yevlakh,2026-01-01,0.17708153348746972
Yevlakh,2026-01-17,0.16106669284287864
Yevlakh,2026-02-02,0.17193146816073718
Yevlakh,2026-02-18,0.20328343587281125
Yevlakh,2026-03-06,0.3045850238754537
Yevlakh,2026-03-22,0.344816792525714
Gabala,2020-01-01,0.16036641092821421
Gabala,2020-01-17,0.12324978911404892
Gabala,2020-02-02,0.1224053474570435
Gabala,2020-02-18,0.14427066526186683
Gabala,2020-03-05,0.15772471139024272
Gabala,2020-03-21,0.20793871850705392
Gabala,2020-04-06,0.27270081703656945
Gabala,2020-04-22,0.37297760384686046
Gabala,2020-05-08,0.4621924360524512
Gabala,2020-05-24,0.5005263377930882
Gabala,2020-06-09,0.438870153691266
Gabala,2020-06-25,0.4720897766437845
Gabala,2020-07-11,0.4390103314958027
Gabala,2020-07-27,0.4704786129193056
Gabala,2020-08-12,0.43363508239277143
Gabala,2020-08-28,0.44636665808604015
Gabala,2020-09-13,0.4037810269115176
Gabala,2020-09-29,0.33808215181589873
Gabala,2020-10-15,0.2993887121284502
Gabala,2020-10-31,0.24466161027669361
Gabala,2020-11-16,0.1849513172789977
Gabala,2020-12-02,0.19476419682324267
Gabala,2020-12-18,0.11148079618231127
Gabala,2021-01-01,0.16022630342569485
Gabala,2021-01-17,0.14204737081163854
Gabala,2021-02-02,0.1490561102763031
Gabala,2021-02-18,0.11050926888885056
Gabala,2021-03-06,0.1367314389381612
Gabala,2021-03-22,0.1999273682298604
Gabala,2021-04-07,0.2915465966332231
Gabala,2021-04-23,0.4424826577899297
Gabala,2021-05-09,0.5214420838289082
Gabala,2021-05-25,0.4786680204908527
Gabala,2021-06-10,0.5168022278965791
Gabala,2021-06-26,0.46840241831542767
Gabala,2021-07-12,0.47734290462771517
Gabala,2021-07-28,0.4234215088018882
Gabala,2021-08-13,0.38874643466073144
Gabala,2021-08-29,0.33049945989428886
Gabala,2021-09-14,0.3387707028777019
Gabala,2021-09-30,0.24731189299993958
Gabala,2021-10-16,0.27010178630374143
Gabala,2021-11-01,0.20845444282518813
Gabala,2021-11-17,0.18939300067855824
Gabala,2021-12-03,0.16629372011834667
Gabala,2021-12-19,0.17322769812278152
Gabala,2022-01-01,0.1593913150665648
Gabala,2022-01-17,0.14132339557386228
Gabala,2022-02-02,0.1429780063056871
Gabala,2022-02-18,0.15247254624156562
Gabala,2022-03-06,0.16813819249258716
Gabala,2022-03-22,0.15877669597265268
Gabala,2022-04-07,0.2572180878658077
Gabala,2022-04-23,0.3550284251950635
Gabala,2022-05-09,0.43439549907959063
Gabala,2022-05-25,0.4711115361921174
Gabala,2022-06-10,0.4832254617400451
Gabala,2022-06-26,0.4810563689537921
Gabala,2022-07-12,0.4429009904504342
Gabala,2022-07-28,0.40780566210820945
Gabala,2022-08-13,0.3800057561331911
Gabala,2022-08-29,0.36505132581541483
Gabala,2022-09-14,0.33203077467464925
Gabala,2022-09-30,0.2941758494968595
Gabala,2022-10-16,0.3074054731633818
Gabala,2022-11-01,0.24543956650186785
Gabala,2022-11-17,0.19389700876031868
Gabala,2022-12-03,0.19034787494344269
Gabala,2022-12-19,0.15933166657187775
Gabala,2023-01-01,0.14845900234097814
Gabala,2023-01-17,0.1420727787317164
Gabala,2023-02-02,0.13025725377937417
Gabala,2023-02-18,0.12379227807344813
Gabala,2023-03-06,0.16660410314226765
Gabala,2023-03-22,0.24670019383399108
Gabala,2023-04-07,0.3406959029349501
Gabala,2023-04-23,0.4704439802790354
Gabala,2023-05-09,0.4154865557502213
Gabala,2023-05-25,0.45582556589200895
Gabala,2023-06-10,0.5167202658875676
Gabala,2023-06-26,0.5318473256969707
Gabala,2023-07-12,0.48466467836961624
Gabala,2023-07-28,0.45584478885834634
Gabala,2023-08-13,0.4098666306069775
Gabala,2023-08-29,0.41901189979617803
Gabala,2023-09-14,0.38280207139226335
Gabala,2023-09-30,0.3495862160718962
Gabala,2023-10-16,0.2998691989517689
Gabala,2023-11-01,0.2605177881688446
Gabala,2023-11-17,0.2044041845078104
Gabala,2023-12-03,0.17712290445547949
Gabala,2023-12-19,0.170718527359661
Gabala,2024-01-01,0.16747102862141494
Gabala,2024-01-17,0.1433682785501444
Gabala,2024-02-02,0.12930371379833835
Gabala,2024-02-18,0.10411558127849913
Gabala,2024-03-05,0.15918295553712075
Gabala,2024-03-21,0.19609875182791572
Gabala,2024-04-06,0.3221164335712658
Gabala,2024-04-22,0.43434406879636084
Gabala,2024-05-08,0.5111468437129768
Gabala,2024-05-24,0.4831486654591946
Gabala,2024-06-09,0.5566767852260565
Gabala,2024-06-25,0.4913672645797458
Gabala,2024-07-11,0.4961079219255089
Gabala,2024-07-27,0.49482827621195613
Gabala,2024-08-12,0.44970812489944684
Gabala,2024-08-28,0.3891925380526788
Gabala,2024-09-13,0.39239935811120963
Gabala,2024-09-29,0.37440202699541575
Gabala,2024-10-15,0.27418040201977617
Gabala,2024-10-31,0.23491491142518822
Gabala,2024-11-16,0.21316796078899738
Gabala,2024-12-02,0.1477510656406509
Gabala,2024-12-18,0.15073175744413406
Gabala,2025-01-01,0.14581221312686934
Gabala,2025-01-17,0.1541541834366819
Gabala,2025-02-02,0.17305583321275914
Gabala,2025-02-18,0.05029123500470014
Gabala,2025-03-06,0.14480164886613076
Gabala,2025-03-22,0.23837718737351707
Gabala,2025-04-07,0.34605179937333835
Gabala,2025-04-23,0.4305924413034795
Gabala,2025-05-09,0.5349914060811256
Gabala,2025-05-25,0.5162442384479857
Gabala,2025-06-10,0.5362312278422922
Gabala,2025-06-26,0.43761021115646026
Gabala,2025-07-12,0.44669221697009776
Gabala,2025-07-28,0.4253956987963109
Gabala,2025-08-13,0.4289351340739388
Gabala,2025-08-29,0.367058810030253
Gabala,2025-09-14,0.3506868746613239
Gabala,2025-09-30,0.3233658404852268
Gabala,2025-10-16,0.27763128907796125
Gabala,2025-11-01,0.2595262069070349
Gabala,2025-11-17,0.20473140392476763
Gabala,2025-12-03,0.1971318776522884
Gabala,2025-12-19,0.19206038492535363
Gabala,2026-01-01,0.15211274468491356
Gabala,2026-01-17,0.11239678450670652
Gabala,2026-02-02,0.1348105383200424
Gabala,2026-02-18,0.1444172860242767
Gabala,2026-03-06,0.18420666116435414
Gabala,2026-03-22,0.22356534866086492
Shamakhi,2020-01-01,0.15306400907366458
Shamakhi,2020-01-17,0.12776476990411292
Shamakhi,2020-02-02,0.1442164668075239
Shamakhi,2020-02-18,0.17467968494079045
Shamakhi,2020-03-05,0.18055776967264414
Shamakhi,2020-03-21,0.23365668373127138
Shamakhi,2020-04-06,0.29048705530641555
Shamakhi,2020-04-22,0.37392205736242035
Shamakhi,2020-05-08,0.42512919145041733
Shamakhi,2020-05-24,0.38906603435570253
Shamakhi,2020-06-09,0.3112956251624914
Shamakhi,2020-06-25,0.26815690557837446
Shamakhi,2020-07-11,0.2413949960626972
Shamakhi,2020-07-27,0.23250791440231447
Shamakhi,2020-08-12,0.21805711615348147
Shamakhi,2020-08-28,0.2563174943161305
Shamakhi,2020-09-13,0.2520554303879203
Shamakhi,2020-09-29,0.21259962788593198
Shamakhi,2020-10-15,0.1800873058516293
Shamakhi,2020-10-31,0.1599901646560981
Shamakhi,2020-11-16,0.149193844658404
Shamakhi,2020-12-02,0.1491881359191103
Shamakhi,2020-12-18,0.12357131417251459
Shamakhi,2021-01-01,0.16315342302634864
Shamakhi,2021-01-17,0.1505445423709004
Shamakhi,2021-02-02,0.17012582382797412
Shamakhi,2021-02-18,0.17342874126148822
Shamakhi,2021-03-06,0.21065756748737713
Shamakhi,2021-03-22,0.29869459216594274
Shamakhi,2021-04-07,0.3769363705474378
Shamakhi,2021-04-23,0.5236315348017457
Shamakhi,2021-05-09,0.4586964402798377
Shamakhi,2021-05-25,0.3705326998247604
Shamakhi,2021-06-10,0.30993408995211036
Shamakhi,2021-06-26,0.26575358667622395
Shamakhi,2021-07-12,0.24534615843057464
Shamakhi,2021-07-28,0.2257823232196609
Shamakhi,2021-08-13,0.20043644141690772
Shamakhi,2021-08-29,0.1878567666031474
Shamakhi,2021-09-14,0.18469080505151253
Shamakhi,2021-09-30,0.17219998351643248
Shamakhi,2021-10-16,0.18734410205124727
Shamakhi,2021-11-01,0.18491980289198845
Shamakhi,2021-11-17,0.1889332697745145
Shamakhi,2021-12-03,0.19240530302073164
Shamakhi,2021-12-19,0.20862413942112198
Shamakhi,2022-01-01,0.2033437911312056
Shamakhi,2022-01-17,0.12342162635034522
Shamakhi,2022-02-02,0.18761015472641138
Shamakhi,2022-02-18,0.2233366539068717
Shamakhi,2022-03-06,0.20392518286395958
Shamakhi,2022-03-22,0.23466538744970772
Shamakhi,2022-04-07,0.3080462067165696
Shamakhi,2022-04-23,0.3318987600014292
Shamakhi,2022-05-09,0.3898329020692502
Shamakhi,2022-05-25,0.3884064693165792
Shamakhi,2022-06-10,0.36294442986696107
Shamakhi,2022-06-26,0.2993595785813116
Shamakhi,2022-07-12,0.258202878169064
Shamakhi,2022-07-28,0.23143151140889906
Shamakhi,2022-08-13,0.22056469817995764
Shamakhi,2022-08-29,0.1962518667985616
Shamakhi,2022-09-14,0.1705037310703008
Shamakhi,2022-09-30,0.16684717344325534
Shamakhi,2022-10-16,0.15751699692694976
Shamakhi,2022-11-01,0.13838465444408002
Shamakhi,2022-11-17,0.1358253179010231
Shamakhi,2022-12-03,0.15321888194385375
Shamakhi,2022-12-19,0.16663534548311557
Shamakhi,2023-01-01,0.15078165775007304
Shamakhi,2023-01-17,0.12939064755572272
Shamakhi,2023-02-02,0.11388525244139006
Shamakhi,2023-02-18,0.16009929515475899
Shamakhi,2023-03-06,0.2393733409782868
Shamakhi,2023-03-22,0.3346553316247013
Shamakhi,2023-04-07,0.41607649798614194
Shamakhi,2023-04-23,0.4438869378486594
Shamakhi,2023-05-09,0.41843546298392803
Shamakhi,2023-05-25,0.39888021924526545
Shamakhi,2023-06-10,0.3272345754178486
Shamakhi,2023-06-26,0.2832159764658088
Shamakhi,2023-07-12,0.24414344334025342
Shamakhi,2023-07-28,0.22299743944065642
Shamakhi,2023-08-13,0.210297998500094
Shamakhi,2023-08-29,0.21033980199188587
Shamakhi,2023-09-14,0.25438098501061324
Shamakhi,2023-09-30,0.2944406163985634
Shamakhi,2023-10-16,0.27246474230064405
Shamakhi,2023-11-01,0.2434048631675826
Shamakhi,2023-11-17,0.20997777816820695
Shamakhi,2023-12-03,0.2130405531164745
Shamakhi,2023-12-19,0.20350530720577362
Shamakhi,2024-01-01,0.2089583724809988
Shamakhi,2024-01-17,0.19004957017353535
Shamakhi,2024-02-02,0.19158853847215312
Shamakhi,2024-02-18,0.1947811022512205
Shamakhi,2024-03-05,0.22142444714410828
Shamakhi,2024-03-21,0.2737240779714199
Shamakhi,2024-04-06,0.4036093132550979
Shamakhi,2024-04-22,0.4519790178991801
Shamakhi,2024-05-08,0.4512202632001292
Shamakhi,2024-05-24,0.41398922598497184
Shamakhi,2024-06-09,0.38021283799456346
Shamakhi,2024-06-25,0.3140064291243119
Shamakhi,2024-07-11,0.29445936609134693
Shamakhi,2024-07-27,0.29788906906535806
Shamakhi,2024-08-12,0.2577817397605955
Shamakhi,2024-08-28,0.2569569137313249
Shamakhi,2024-09-13,0.23346666732469318
Shamakhi,2024-09-29,0.21855748123982457
Shamakhi,2024-10-15,0.15886286408203004
Shamakhi,2024-10-31,0.16900601831827744
Shamakhi,2024-11-16,0.16609242337951155
Shamakhi,2024-12-02,0.1616461682781713
Shamakhi,2024-12-18,0.1523114511487076
Shamakhi,2025-01-01,0.15559106519190002
Shamakhi,2025-01-17,0.15194225273010425
Shamakhi,2025-02-02,0.18546794954883408
Shamakhi,2025-02-18,0.019215253428308265
Shamakhi,2025-03-06,0.21207870802785275
Shamakhi,2025-03-22,0.3130701381322958
Shamakhi,2025-04-07,0.41469126031382675
Shamakhi,2025-04-23,0.4888715581866972
Shamakhi,2025-05-09,0.5871395126312494
Shamakhi,2025-05-25,0.4522956428897288
Shamakhi,2025-06-10,0.3867710430307967
Shamakhi,2025-06-26,0.3386725018166465
Shamakhi,2025-07-12,0.28363748742264333
Shamakhi,2025-07-28,0.2612772567632475
Shamakhi,2025-08-13,0.24596343032711898
Shamakhi,2025-08-29,0.2172425862934497
Shamakhi,2025-09-14,0.2165752564477894
Shamakhi,2025-09-30,0.24983625200393791
Shamakhi,2025-10-16,0.2141569313993404
Shamakhi,2025-11-01,0.21502617715913558
Shamakhi,2025-11-17,0.1810749014193445
Shamakhi,2025-12-03,0.18737380497543327
Shamakhi,2025-12-19,0.17422269619358563
Shamakhi,2026-01-01,0.15900921423847286
Shamakhi,2026-01-17,0.1348830771930703
Shamakhi,2026-02-02,0.18401990561529016
Shamakhi,2026-02-18,0.1834155258820632
Shamakhi,2026-03-06,0.27865114187692763
Shamakhi,2026-03-22,0.31947987970351654
Nakhchivan,2020-01-01,0.08649895311852526
Nakhchivan,2020-01-17,0.07762733074441716
Nakhchivan,2020-02-02,0.08990924052289881
Nakhchivan,2020-02-18,0.10320396136302713
Nakhchivan,2020-03-05,0.12830759598791705
Nakhchivan,2020-03-21,0.18117485568548194
Nakhchivan,2020-04-06,0.20876552652418132
Nakhchivan,2020-04-22,0.23004446208476126
Nakhchivan,2020-05-08,0.23763762196303947
Nakhchivan,2020-05-24,0.21071234964353278
Nakhchivan,2020-06-09,0.16146524418606295
Nakhchivan,2020-06-25,0.15132814248056758
Nakhchivan,2020-07-11,0.14853144961402714
Nakhchivan,2020-07-27,0.15046466879424006
Nakhchivan,2020-08-12,0.15001905287513964
Nakhchivan,2020-08-28,0.1481555110234306
Nakhchivan,2020-09-13,0.14035359443927942
Nakhchivan,2020-09-29,0.13470958262484625
Nakhchivan,2020-10-15,0.12166412088668765
Nakhchivan,2020-10-31,0.10409690905137961
Nakhchivan,2020-11-16,0.09156232179481603
Nakhchivan,2020-12-02,0.08760411298412299
Nakhchivan,2020-12-18,0.08584928361395888
Nakhchivan,2021-01-01,0.08262580244678708
Nakhchivan,2021-01-17,0.06476218232563823
Nakhchivan,2021-02-02,0.08974756423388197
Nakhchivan,2021-02-18,0.09306050754447773
Nakhchivan,2021-03-06,0.11031115964881935
Nakhchivan,2021-03-22,0.14767281441465321
Nakhchivan,2021-04-07,0.18145893410622974
Nakhchivan,2021-04-23,0.20502878101627103
Nakhchivan,2021-05-09,0.2189795632763534
Nakhchivan,2021-05-25,0.19340608680214608
Nakhchivan,2021-06-10,0.1631725946520193
Nakhchivan,2021-06-26,0.15527388172599002
Nakhchivan,2021-07-12,0.1560874038903677
Nakhchivan,2021-07-28,0.15721348170359417
Nakhchivan,2021-08-13,0.1479779990627095
Nakhchivan,2021-08-29,0.14242768396492617
Nakhchivan,2021-09-14,0.13638112591663387
Nakhchivan,2021-09-30,0.12615852088653629
Nakhchivan,2021-10-16,0.1199989828855847
Nakhchivan,2021-11-01,0.11108786890100786
Nakhchivan,2021-11-17,0.0999367798421394
Nakhchivan,2021-12-03,0.09435293460964993
Nakhchivan,2021-12-19,0.0934171225824564
Nakhchivan,2022-01-01,0.0839673626288768
Nakhchivan,2022-01-17,0.011390465901538254
Nakhchivan,2022-02-02,0.07841071722367379
Nakhchivan,2022-02-18,0.09741917288089329
Nakhchivan,2022-03-06,0.11081655547644151
Nakhchivan,2022-03-22,0.11173783172172753
Nakhchivan,2022-04-07,0.12414452807284768
Nakhchivan,2022-04-23,0.13559261256305888
Nakhchivan,2022-05-09,0.15988138478258704
Nakhchivan,2022-05-25,0.16178594204235547
Nakhchivan,2022-06-10,0.14621651456847506
Nakhchivan,2022-06-26,0.13941206884965576
Nakhchivan,2022-07-12,0.13368972790590117
Nakhchivan,2022-07-28,0.13524331943156923
Nakhchivan,2022-08-13,0.13263657911415286
Nakhchivan,2022-08-29,0.1304727489170389
Nakhchivan,2022-09-14,0.1229844104869346
Nakhchivan,2022-09-30,0.11837940714908778
Nakhchivan,2022-10-16,0.11156131490510421
Nakhchivan,2022-11-01,0.10672357938469887
Nakhchivan,2022-11-17,0.09804297233220599
Nakhchivan,2022-12-03,0.0920043842829654
Nakhchivan,2022-12-19,0.0845439827009341
Nakhchivan,2023-01-01,0.09281224901542841
Nakhchivan,2023-01-17,0.09128297982341521
Nakhchivan,2023-02-02,0.08142392032905793
Nakhchivan,2023-02-18,0.08773958803127045
Nakhchivan,2023-03-06,0.10334453629498942
Nakhchivan,2023-03-22,0.14722434093412082
Nakhchivan,2023-04-07,0.16813187560724924
Nakhchivan,2023-04-23,0.2245795628021027
Nakhchivan,2023-05-09,0.1881169524342037
Nakhchivan,2023-05-25,0.1813623302752072
Nakhchivan,2023-06-10,0.15153095355371882
Nakhchivan,2023-06-26,0.13573236027604896
Nakhchivan,2023-07-12,0.13972542924489817
Nakhchivan,2023-07-28,0.13777079892139946
Nakhchivan,2023-08-13,0.1368632998750009
Nakhchivan,2023-08-29,0.13616725510525157
Nakhchivan,2023-09-14,0.12809819656659413
Nakhchivan,2023-09-30,0.11917614829449565
Nakhchivan,2023-10-16,0.1215336230486343
Nakhchivan,2023-11-01,0.1152901547560044
Nakhchivan,2023-11-17,0.11204442959673788
Nakhchivan,2023-12-03,0.10150291874960372
Nakhchivan,2023-12-19,0.10532327363540811
Nakhchivan,2024-01-01,0.10093877565607075
Nakhchivan,2024-01-17,0.09067252732761708
Nakhchivan,2024-02-02,0.09726951552519765
Nakhchivan,2024-02-18,0.12619615505006182
Nakhchivan,2024-03-05,0.13284812180355873
Nakhchivan,2024-03-21,0.17987229157454526
Nakhchivan,2024-04-06,0.25439823790996025
Nakhchivan,2024-04-22,0.27077855261282463
Nakhchivan,2024-05-08,0.25826355200549533
Nakhchivan,2024-05-24,0.21904685074384067
Nakhchivan,2024-06-09,0.16035305623950769
Nakhchivan,2024-06-25,0.1565848036576027
Nakhchivan,2024-07-11,0.15611787378963615
Nakhchivan,2024-07-27,0.14584258297672556
Nakhchivan,2024-08-12,0.15175895307569337
Nakhchivan,2024-08-28,0.1573075050389343
Nakhchivan,2024-09-13,0.14108537378640085
Nakhchivan,2024-09-29,0.14103499019675125
Nakhchivan,2024-10-15,0.11923399411923281
Nakhchivan,2024-10-31,0.11351328215853723
Nakhchivan,2024-11-16,0.09825595264308001
Nakhchivan,2024-12-02,0.09900565997075479
Nakhchivan,2024-12-18,0.0952533693551247
Nakhchivan,2025-01-01,0.08883980500878083
Nakhchivan,2025-01-17,0.09074394186853152
Nakhchivan,2025-02-02,0.08577193475571328
Nakhchivan,2025-02-18,0.049972832369942245
Nakhchivan,2025-03-06,0.09901824623450542
Nakhchivan,2025-03-22,0.11306001696688604
Nakhchivan,2025-04-07,0.134053482397085
Nakhchivan,2025-04-23,0.15394090787100795
Nakhchivan,2025-05-09,0.17384947499117578
Nakhchivan,2025-05-25,0.1576774665446128
Nakhchivan,2025-06-10,0.14866133011246085
Nakhchivan,2025-06-26,0.13992158832592327
Nakhchivan,2025-07-12,0.1292473833647934
Nakhchivan,2025-07-28,0.1287097778337791
Nakhchivan,2025-08-13,0.13268330588099075
Nakhchivan,2025-08-29,0.12903975392179468
Nakhchivan,2025-09-14,0.1305730160543576
Nakhchivan,2025-09-30,0.12648340277632156
Nakhchivan,2025-10-16,0.11037536239479144
Nakhchivan,2025-11-01,0.09970233356360661
Nakhchivan,2025-11-17,0.08849649607236175
Nakhchivan,2025-12-03,0.07725482672085957
Nakhchivan,2025-12-19,0.04805653514897015
Nakhchivan,2026-01-01,0.06863630819652744
Nakhchivan,2026-01-17,0.0014792860875269492
Nakhchivan,2026-02-02,0.07934174928676124
Nakhchivan,2026-02-18,0.09556364693006981
Nakhchivan,2026-03-06,0.12320127311539866
Nakhchivan,2026-03-22,0.19386756193506072
Barda,2020-01-01,0.20384100268454625
Barda,2020-01-17,0.1865160711109566
Barda,2020-02-02,0.1898588078959031
Barda,2020-02-18,0.21874988490158725
Barda,2020-03-05,0.28598361245759457
Barda,2020-03-21,0.3667416577093039
Barda,2020-04-06,0.4092005204449957
Barda,2020-04-22,0.46698353722561653
Barda,2020-05-08,0.4443142193177012
Barda,2020-05-24,0.4168639286451043
Barda,2020-06-09,0.369128626192218
Barda,2020-06-25,0.3555790039214987
Barda,2020-07-11,0.4010434250192225
Barda,2020-07-27,0.4103927366890629
Barda,2020-08-12,0.3950850616651517
Barda,2020-08-28,0.4019512931668404
Barda,2020-09-13,0.3747012238274736
Barda,2020-09-29,0.3517971686244554
Barda,2020-10-15,0.33098009752330454
Barda,2020-10-31,0.30073985699003547
Barda,2020-11-16,0.2735542997843719
Barda,2020-12-02,0.23375329133814776
Barda,2020-12-18,0.20455417781690835
Barda,2021-01-01,0.20401497952587036
Barda,2021-01-17,0.19327970266861555
Barda,2021-02-02,0.18580978489497438
Barda,2021-02-18,0.22578730934635452
Barda,2021-03-06,0.2518031311782363
Barda,2021-03-22,0.37350544937337954
Barda,2021-04-07,0.4702550535220945
Barda,2021-04-23,0.5040179298078337
Barda,2021-05-09,0.4259933952008275
Barda,2021-05-25,0.3934136832972575
Barda,2021-06-10,0.390711452060094
Barda,2021-06-26,0.3634338642211833
Barda,2021-07-12,0.42056320968717836
Barda,2021-07-28,0.4048236615133452
Barda,2021-08-13,0.3822402865961337
Barda,2021-08-29,0.37970121853695427
Barda,2021-09-14,0.3491624495500588
Barda,2021-09-30,0.3086231157409744
Barda,2021-10-16,0.33692269873748065
Barda,2021-11-01,0.2801807712557157
Barda,2021-11-17,0.24694099080060838
Barda,2021-12-03,0.23289093975908406
Barda,2021-12-19,0.22610894694867006
Barda,2022-01-01,0.20913097966879352
Barda,2022-01-17,0.19438656641255686
Barda,2022-02-02,0.20272616063241475
Barda,2022-02-18,0.2208295515001484
Barda,2022-03-06,0.25367176801071534
Barda,2022-03-22,0.2795832038439177
Barda,2022-04-07,0.3718444991921104
Barda,2022-04-23,0.3919829858863549
Barda,2022-05-09,0.3504877801828591
Barda,2022-05-25,0.37289301173686035
Barda,2022-06-10,0.39521877374441494
Barda,2022-06-26,0.39408429588217925
Barda,2022-07-12,0.39034896573302796
Barda,2022-07-28,0.39694778059741426
Barda,2022-08-13,0.3825717038927766
Barda,2022-08-29,0.34293230914401207
Barda,2022-09-14,0.3550356422898082
Barda,2022-09-30,0.33798987489302956
Barda,2022-10-16,0.28617439593814414
Barda,2022-11-01,0.2725372122808853
Barda,2022-11-17,0.24527483226769428
Barda,2022-12-03,0.07172687781515578
Barda,2022-12-19,0.20229487707426086
Barda,2023-01-01,0.19093667590468455
Barda,2023-01-17,0.19048226059738282
Barda,2023-02-02,0.186680111160134
Barda,2023-02-18,0.1919684462750697
Barda,2023-03-06,0.24927152067892414
Barda,2023-03-22,0.3610215155759417
Barda,2023-04-07,0.45286099775646427
Barda,2023-04-23,0.4190011254593425
Barda,2023-05-09,0.3876246317906926
Barda,2023-05-25,0.3697991900964631
Barda,2023-06-10,0.36925688706221194
Barda,2023-06-26,0.391619144179491
Barda,2023-07-12,0.4123697874020493
Barda,2023-07-28,0.3910228812604061
Barda,2023-08-13,0.36977317173559665
Barda,2023-08-29,0.37048548287342337
Barda,2023-09-14,0.3759944763816795
Barda,2023-09-30,0.35908627218736305
Barda,2023-10-16,0.3543122998066394
Barda,2023-11-01,0.3410335759735997
Barda,2023-11-17,0.32150339622015733
Barda,2023-12-03,0.2987889058878806
Barda,2023-12-19,0.25977127843163583
Barda,2024-01-01,0.23089108128238342
Barda,2024-01-17,0.2323355203397936
Barda,2024-02-02,0.20141186744484676
Barda,2024-02-18,0.23278819023760944
Barda,2024-03-05,0.28051597958017344
Barda,2024-03-21,0.3678019678758864
Barda,2024-04-06,0.4570277354305905
Barda,2024-04-22,0.40206076783600936
Barda,2024-05-08,0.434528804451144
Barda,2024-05-24,0.4028211324870476
Barda,2024-06-09,0.41730140236277
Barda,2024-06-25,0.42955777359931974
Barda,2024-07-11,0.3992608313222453
Barda,2024-07-27,0.45474395527536865
Barda,2024-08-12,0.4225561769876211
Barda,2024-08-28,0.39199796425543343
Barda,2024-09-13,0.3612354755989588
Barda,2024-09-29,0.37003819680140737
Barda,2024-10-15,0.30448200715996854
Barda,2024-10-31,0.30516060436290215
Barda,2024-11-16,0.28624382026353523
Barda,2024-12-02,0.2276240615832881
Barda,2024-12-18,0.21676080213421298
Barda,2025-01-01,0.2258078707611644
Barda,2025-01-17,0.20146934749482845
Barda,2025-02-02,0.24999918227912854
Barda,2025-02-18,0.22044365574904773
Barda,2025-03-06,0.25864504212181444
Barda,2025-03-22,0.4509926034390355
Barda,2025-04-07,0.44939304758605286
Barda,2025-04-23,0.43241431561305355
Barda,2025-05-09,0.44211134690114706
Barda,2025-05-25,0.41348230954869664
Barda,2025-06-10,0.4162513903900075
Barda,2025-06-26,0.3784524101968842
Barda,2025-07-12,0.3899388256823142
Barda,2025-07-28,0.3784388030001981
Barda,2025-08-13,0.41775922485991496
Barda,2025-08-29,0.3631798467525984
Barda,2025-09-14,0.38700963820149986
Barda,2025-09-30,0.3818400663881246
Barda,2025-10-16,0.3189732371366842
Barda,2025-11-01,0.3142323490261193
Barda,2025-11-17,0.2750257012658369
Barda,2025-12-03,0.25580177416135813
Barda,2025-12-19,0.23852390446654545
Barda,2026-01-01,0.21528306240450415
Barda,2026-01-17,0.20280921044657324
Barda,2026-02-02,0.2132472948763888
Barda,2026-02-18,0.24668448610399607
Barda,2026-03-06,0.44026730780657647
Barda,2026-03-22,0.46975968000252727
